{
"type": "FeatureCollection",
"name": "PLANC2333",
"crs": { "type": "name", "properties": { "name": "urn:ogc:def:crs:OGC:1.3:CRS84" } },
"xy_coordinate_resolution": 1e-05,
"features": [
{"type":"Feature","properties":{"District":15},"geometry":{"type":"Polygon","coordinates":[[[-98.0746,26.03634],[-98.07477,26.03637],[-98.07545,26.03638],[-98.07613,26.0364],[-98.07663,26.03641],[-98.07759,26.03682],[-98.07876,26.03915],[-98.07992,26.04127],[-98.07998,26.04174],[-98.08001,26.04196],[-98.07887,26.04228],[-98.0784,26.04238],[-98.07811,26.04244],[-98.07676,26.04251],[-98.07531,26.04262],[-98.07506,26.04264],[-98.07367,26.04314],[-98.07237,26.04388],[-98.07177,26.04453],[-98.07087,26.04595],[-98.07004,26.04799],[-98.06993,26.04953],[-98.07003,26.05146],[-98.07048,26.05323],[-98.07117,26.0547],[-98.07143,26.05506],[-98.07202,26.05589],[-98.07261,26.05653],[-98.07408,26.05811],[-98.07448,26.05882],[-98.07508,26.05987],[-98.07553,26.06133],[-98.07569,26.06217],[-98.07571,26.06374],[-98.07573,26.06484],[-98.07589,26.06601],[-98.07599,26.06674],[-98.07608,26.06695],[-98.07655,26.06804],[-98.07775,26.06949],[-98.07782,26.06955],[-98.0791,26.07051],[-98.0805,26.07093],[-98.0819,26.07114],[-98.08312,26.07114],[-98.0847,26.07086],[-98.0854,26.07035],[-98.08586,26.06921],[-98.08581,26.06897],[-98.08572,26.06858],[-98.08521,26.06802],[-98.08514,26.06799],[-98.08392,26.06761],[-98.08226,26.06707],[-98.08141,26.06621],[-98.08128,26.06562],[-98.08111,26.06487],[-98.08118,26.06475],[-98.08136,26.06442],[-98.08189,26.06372],[-98.0831,26.06288],[-98.08468,26.06209],[-98.0875,26.06071],[-98.08792,26.06051],[-98.09105,26.05917],[-98.09303,26.05868],[-98.09367,26.05866],[-98.09444,26.05862],[-98.09618,26.0591],[-98.09674,26.05952],[-98.0985,26.06097],[-98.09986,26.06265],[-98.10048,26.06349],[-98.10221,26.06542],[-98.10283,26.06612],[-98.10382,26.06709],[-98.10396,26.06715],[-98.10449,26.06736],[-98.10551,26.06754],[-98.10693,26.06735],[-98.10708,26.0673],[-98.10819,26.06694],[-98.109,26.0666],[-98.10971,26.06626],[-98.10999,26.06613],[-98.11115,26.06582],[-98.11198,26.06568],[-98.11216,26.06565],[-98.1135,26.06549],[-98.11395,26.06544],[-98.11431,26.06539],[-98.11489,26.06532],[-98.11601,26.06518],[-98.11663,26.06509],[-98.1175,26.06496],[-98.11977,26.06445],[-98.12092,26.06405],[-98.12181,26.06374],[-98.12254,26.06348],[-98.12273,26.06341],[-98.12328,26.06293],[-98.12401,26.06237],[-98.12458,26.06212],[-98.12529,26.06191],[-98.12534,26.06191],[-98.12585,26.06179],[-98.12688,26.06185],[-98.12724,26.06197],[-98.12812,26.06227],[-98.12928,26.06269],[-98.13038,26.06315],[-98.13079,26.06369],[-98.13117,26.06442],[-98.13121,26.06479],[-98.13123,26.06503],[-98.13126,26.06538],[-98.13125,26.06549],[-98.13117,26.0662],[-98.13102,26.06684],[-98.13074,26.06738],[-98.13057,26.06786],[-98.12991,26.06888],[-98.12979,26.06908],[-98.12936,26.06973],[-98.12897,26.07024],[-98.12841,26.07152],[-98.12838,26.0724],[-98.1286,26.0731],[-98.12888,26.07355],[-98.12934,26.07396],[-98.12981,26.07423],[-98.13,26.07427],[-98.13018,26.07432],[-98.13184,26.07417],[-98.13349,26.0735],[-98.13444,26.0729],[-98.13523,26.07215],[-98.13602,26.07102],[-98.13657,26.06967],[-98.13681,26.06861],[-98.13681,26.06786],[-98.13657,26.06624],[-98.13659,26.06621],[-98.13658,26.0662],[-98.13658,26.06613],[-98.13655,26.06597],[-98.13656,26.06559],[-98.13652,26.06516],[-98.13656,26.06456],[-98.13669,26.06389],[-98.13677,26.06319],[-98.13676,26.06279],[-98.13681,26.06232],[-98.13699,26.0617],[-98.13731,26.06084],[-98.13769,26.06013],[-98.13822,26.05924],[-98.13871,26.05851],[-98.13936,26.05757],[-98.14014,26.05615],[-98.14067,26.05496],[-98.14138,26.05407],[-98.14203,26.05333],[-98.14239,26.05283],[-98.14288,26.05195],[-98.14324,26.05108],[-98.14384,26.05038],[-98.14434,26.04999],[-98.1448,26.04961],[-98.14566,26.04932],[-98.14652,26.0493],[-98.14741,26.04948],[-98.14779,26.04964],[-98.14863,26.05046],[-98.14917,26.05119],[-98.14939,26.0515],[-98.14938,26.05433],[-98.14938,26.0558],[-98.14993,26.05674],[-98.15102,26.05779],[-98.15167,26.05821],[-98.15222,26.05831],[-98.15299,26.05831],[-98.15354,26.05811],[-98.15408,26.0579],[-98.15562,26.05665],[-98.15617,26.05585],[-98.15669,26.05498],[-98.15753,26.05442],[-98.15927,26.05374],[-98.16121,26.05417],[-98.16189,26.05454],[-98.16241,26.05534],[-98.1625,26.05609],[-98.16211,26.05709],[-98.16168,26.05748],[-98.16143,26.05768],[-98.16121,26.05795],[-98.16111,26.05808],[-98.16107,26.0581],[-98.16091,26.05823],[-98.16034,26.05865],[-98.16004,26.05888],[-98.15834,26.06058],[-98.15823,26.06159],[-98.15843,26.0627],[-98.15885,26.06331],[-98.15969,26.06402],[-98.16074,26.06423],[-98.16169,26.06424],[-98.16212,26.06414],[-98.16215,26.06413],[-98.16269,26.0639],[-98.16415,26.06316],[-98.16535,26.06253],[-98.16656,26.06235],[-98.16775,26.06252],[-98.16884,26.06299],[-98.16997,26.06543],[-98.17022,26.06631],[-98.17081,26.06836],[-98.17116,26.06946],[-98.17126,26.06968],[-98.17161,26.07018],[-98.17191,26.07067],[-98.17214,26.07114],[-98.17266,26.07174],[-98.17299,26.07209],[-98.17326,26.07237],[-98.1738,26.0729],[-98.17399,26.07306],[-98.17447,26.07352],[-98.17505,26.07406],[-98.17591,26.07491],[-98.17631,26.07507],[-98.17715,26.07512],[-98.17754,26.07502],[-98.1783,26.07478],[-98.17925,26.07405],[-98.17981,26.07295],[-98.18021,26.07169],[-98.18023,26.07161],[-98.18032,26.07055],[-98.18033,26.07053],[-98.18025,26.06986],[-98.18018,26.06935],[-98.18016,26.06921],[-98.18011,26.06886],[-98.18007,26.06858],[-98.18007,26.06818],[-98.18048,26.06667],[-98.18041,26.06578],[-98.17984,26.06496],[-98.17983,26.06477],[-98.17985,26.06473],[-98.17973,26.06469],[-98.1785,26.06407],[-98.17779,26.06373],[-98.17738,26.06353],[-98.17712,26.0634],[-98.17668,26.06286],[-98.17655,26.06162],[-98.17694,26.06066],[-98.17788,26.06002],[-98.1788,26.05983],[-98.17973,26.0601],[-98.18104,26.06148],[-98.18108,26.06152],[-98.18196,26.06252],[-98.18305,26.06332],[-98.1833,26.06346],[-98.18335,26.06348],[-98.18362,26.06366],[-98.18384,26.06374],[-98.18407,26.06382],[-98.18412,26.06383],[-98.18433,26.06392],[-98.18541,26.06426],[-98.1865,26.06429],[-98.1876,26.064],[-98.18781,26.064],[-98.18784,26.064],[-98.18907,26.06326],[-98.18926,26.06288],[-98.18952,26.0624],[-98.18984,26.05923],[-98.19002,26.05809],[-98.19231,26.05345],[-98.19299,26.05327],[-98.19399,26.05332],[-98.19658,26.05414],[-98.19817,26.05519],[-98.19848,26.0554],[-98.19946,26.05686],[-98.20046,26.0588],[-98.20078,26.05907],[-98.20088,26.05916],[-98.20109,26.05971],[-98.20113,26.05975],[-98.20159,26.06087],[-98.20183,26.0616],[-98.20215,26.06231],[-98.20235,26.06269],[-98.20257,26.06307],[-98.20321,26.0641],[-98.20356,26.06457],[-98.20395,26.06509],[-98.20427,26.0656],[-98.20455,26.06601],[-98.20457,26.06605],[-98.20497,26.06642],[-98.20504,26.06646],[-98.20531,26.06665],[-98.20584,26.06702],[-98.20644,26.06746],[-98.20689,26.06778],[-98.20872,26.06815],[-98.21018,26.06832],[-98.2114,26.06851],[-98.2128,26.06915],[-98.21359,26.06975],[-98.21441,26.07071],[-98.21485,26.07164],[-98.21522,26.07241],[-98.21684,26.07444],[-98.21752,26.07478],[-98.2177,26.07488],[-98.21872,26.0756],[-98.21888,26.07571],[-98.21902,26.07578],[-98.21983,26.07615],[-98.22068,26.07647],[-98.22123,26.07661],[-98.22147,26.07664],[-98.22315,26.07687],[-98.22484,26.07714],[-98.22614,26.07719],[-98.22766,26.07715],[-98.22881,26.07719],[-98.23011,26.07715],[-98.23148,26.07693],[-98.23252,26.07667],[-98.23314,26.07653],[-98.2335,26.07645],[-98.23451,26.07623],[-98.23476,26.07614],[-98.23519,26.076],[-98.23528,26.07592],[-98.2364,26.07574],[-98.23704,26.07565],[-98.23751,26.07558],[-98.23762,26.07556],[-98.24009,26.07502],[-98.24167,26.07454],[-98.24337,26.07387],[-98.24369,26.07374],[-98.24495,26.07301],[-98.24596,26.07238],[-98.24601,26.07236],[-98.2476,26.07199],[-98.24875,26.07204],[-98.24996,26.07272],[-98.25097,26.07409],[-98.25135,26.07665],[-98.25137,26.07724],[-98.25143,26.07785],[-98.25148,26.07861],[-98.2515,26.07872],[-98.25156,26.07903],[-98.25194,26.07921],[-98.25219,26.07933],[-98.25251,26.07948],[-98.25372,26.08004],[-98.25642,26.08129],[-98.25906,26.08251],[-98.26033,26.08309],[-98.26059,26.08321],[-98.26084,26.08333],[-98.26318,26.08449],[-98.26374,26.08488],[-98.26389,26.08498],[-98.26433,26.08538],[-98.26452,26.08551],[-98.26508,26.08636],[-98.2654,26.08701],[-98.26556,26.08778],[-98.2657,26.08816],[-98.26577,26.08835],[-98.2659,26.08867],[-98.26585,26.0892],[-98.2659,26.08936],[-98.26592,26.08951],[-98.26609,26.08991],[-98.26622,26.09047],[-98.26659,26.09118],[-98.2666,26.09122],[-98.26676,26.09155],[-98.26701,26.09179],[-98.26751,26.09228],[-98.26801,26.09277],[-98.2684,26.09314],[-98.26843,26.09317],[-98.26982,26.09426],[-98.2708,26.09487],[-98.27098,26.09496],[-98.27106,26.095],[-98.27113,26.09504],[-98.27168,26.09533],[-98.27185,26.09541],[-98.27231,26.09562],[-98.27277,26.09584],[-98.27315,26.09602],[-98.27416,26.09678],[-98.27497,26.0975],[-98.27598,26.09811],[-98.27723,26.0988],[-98.27823,26.09917],[-98.27865,26.09933],[-98.27974,26.09974],[-98.28078,26.10001],[-98.28171,26.10026],[-98.28227,26.10043],[-98.28276,26.10054],[-98.2843,26.10109],[-98.28518,26.10168],[-98.28545,26.10186],[-98.28622,26.1024],[-98.28657,26.10286],[-98.2866,26.10288],[-98.2872,26.10357],[-98.28733,26.10378],[-98.2876,26.10419],[-98.28826,26.10471],[-98.28854,26.10531],[-98.28822,26.10589],[-98.28766,26.10629],[-98.28748,26.10646],[-98.28664,26.10687],[-98.28656,26.10691],[-98.28628,26.10696],[-98.28478,26.10725],[-98.28358,26.10739],[-98.2812,26.10773],[-98.27886,26.1076],[-98.27757,26.10733],[-98.27744,26.1073],[-98.27582,26.10669],[-98.27525,26.10655],[-98.27467,26.10641],[-98.27449,26.10637],[-98.27431,26.10636],[-98.27291,26.10629],[-98.27131,26.10634],[-98.27049,26.10661],[-98.27042,26.10667],[-98.27019,26.10688],[-98.27004,26.10709],[-98.26995,26.10749],[-98.27025,26.10807],[-98.27039,26.10833],[-98.27114,26.10941],[-98.27159,26.11052],[-98.27191,26.11176],[-98.27184,26.11299],[-98.27165,26.11349],[-98.27135,26.11394],[-98.27088,26.11473],[-98.27035,26.11515],[-98.26974,26.11551],[-98.26936,26.11579],[-98.26915,26.11596],[-98.26869,26.11602],[-98.26727,26.11624],[-98.2664,26.1167],[-98.26598,26.11714],[-98.26587,26.11733],[-98.26573,26.11727],[-98.26571,26.11726],[-98.26546,26.11725],[-98.26539,26.11725],[-98.26502,26.11724],[-98.26495,26.11723],[-98.26457,26.11718],[-98.26445,26.11719],[-98.26431,26.11722],[-98.2639,26.11748],[-98.26377,26.11755],[-98.26371,26.11758],[-98.26367,26.11761],[-98.26318,26.11773],[-98.2629,26.11779],[-98.26251,26.1179],[-98.2625,26.1179],[-98.2624,26.1179],[-98.26227,26.11792],[-98.26225,26.11793],[-98.26209,26.118],[-98.26196,26.11787],[-98.2618,26.11763],[-98.26137,26.11705],[-98.26132,26.11694],[-98.26133,26.11687],[-98.26133,26.11683],[-98.26132,26.11677],[-98.26126,26.11666],[-98.2611,26.11643],[-98.26109,26.11645],[-98.2609,26.11673],[-98.26088,26.11676],[-98.26058,26.11717],[-98.26025,26.11765],[-98.26018,26.11775],[-98.25994,26.11807],[-98.25997,26.11817],[-98.2598,26.11842],[-98.25975,26.1185],[-98.25967,26.11861],[-98.25955,26.11927],[-98.2595,26.11924],[-98.25946,26.11968],[-98.25943,26.11995],[-98.2594,26.12014],[-98.25937,26.12032],[-98.2593,26.12072],[-98.25926,26.12096],[-98.25891,26.12301],[-98.25878,26.12378],[-98.25869,26.12433],[-98.25833,26.12651],[-98.25829,26.12675],[-98.25817,26.12747],[-98.25813,26.12771],[-98.25807,26.12771],[-98.25787,26.12769],[-98.2578,26.12769],[-98.2578,26.1278],[-98.2578,26.12812],[-98.25779,26.12822],[-98.25779,26.12826],[-98.25779,26.12838],[-98.25779,26.12841],[-98.25783,26.12842],[-98.25801,26.12844],[-98.25764,26.13074],[-98.25736,26.13236],[-98.25734,26.13245],[-98.25699,26.13432],[-98.25663,26.13606],[-98.2566,26.1362],[-98.25658,26.13632],[-98.25633,26.13792],[-98.25631,26.13817],[-98.2563,26.13832],[-98.25623,26.13858],[-98.25596,26.14039],[-98.2559,26.14083],[-98.25551,26.14326],[-98.25545,26.14357],[-98.25543,26.14357],[-98.25535,26.14355],[-98.25523,26.14353],[-98.25519,26.14353],[-98.25511,26.14352],[-98.25508,26.14351],[-98.25499,26.1435],[-98.25496,26.1435],[-98.25492,26.14349],[-98.25481,26.14348],[-98.25478,26.14347],[-98.25377,26.14334],[-98.25074,26.14294],[-98.25007,26.14285],[-98.25001,26.14286],[-98.24997,26.14284],[-98.24973,26.14281],[-98.24961,26.14279],[-98.24908,26.14598],[-98.24895,26.14677],[-98.24805,26.14663],[-98.24441,26.14615],[-98.23987,26.14554],[-98.23979,26.14601],[-98.23977,26.14619],[-98.23974,26.14636],[-98.23965,26.147],[-98.23932,26.14898],[-98.23919,26.14963],[-98.2389,26.15141],[-98.23884,26.15164],[-98.23869,26.15212],[-98.23845,26.1528],[-98.23826,26.15323],[-98.2382,26.15342],[-98.23795,26.15393],[-98.23771,26.15433],[-98.23722,26.15505],[-98.23694,26.15542],[-98.23668,26.15574],[-98.23635,26.1561],[-98.23606,26.15639],[-98.23569,26.15675],[-98.2346,26.15772],[-98.23383,26.15842],[-98.23335,26.15887],[-98.23309,26.15911],[-98.23275,26.15945],[-98.23235,26.15989],[-98.23206,26.16025],[-98.2318,26.1606],[-98.23157,26.16094],[-98.2313,26.16136],[-98.23128,26.16139],[-98.23097,26.16192],[-98.23076,26.16231],[-98.23076,26.16232],[-98.23071,26.16244],[-98.23058,26.16273],[-98.23056,26.16277],[-98.23052,26.1629],[-98.23042,26.16314],[-98.23026,26.16365],[-98.23017,26.16398],[-98.23007,26.16438],[-98.23007,26.16441],[-98.22998,26.16482],[-98.22993,26.16515],[-98.22989,26.16558],[-98.22987,26.16572],[-98.22985,26.16604],[-98.22985,26.16667],[-98.22986,26.16706],[-98.22989,26.16738],[-98.22999,26.16824],[-98.23005,26.16869],[-98.23013,26.16902],[-98.23015,26.1691],[-98.23023,26.1694],[-98.2305,26.17021],[-98.23073,26.17066],[-98.23101,26.17118],[-98.23127,26.17161],[-98.2316,26.17209],[-98.23183,26.17241],[-98.23257,26.17346],[-98.2333,26.17449],[-98.23363,26.17506],[-98.23378,26.17537],[-98.23396,26.17578],[-98.23409,26.17613],[-98.23419,26.17649],[-98.23427,26.17684],[-98.2343,26.17713],[-98.23432,26.17729],[-98.23432,26.17732],[-98.23435,26.17771],[-98.23435,26.17808],[-98.23431,26.17842],[-98.23374,26.18195],[-98.23334,26.18428],[-98.23312,26.18554],[-98.23289,26.18688],[-98.2328,26.18734],[-98.23251,26.18913],[-98.23246,26.18939],[-98.2324,26.18938],[-98.23233,26.18937],[-98.23232,26.18937],[-98.23228,26.18937],[-98.23217,26.18935],[-98.23208,26.18934],[-98.232,26.18933],[-98.23156,26.18928],[-98.23052,26.18915],[-98.23024,26.18911],[-98.2298,26.18905],[-98.22947,26.189],[-98.22928,26.18898],[-98.22859,26.18888],[-98.22848,26.18887],[-98.22815,26.18882],[-98.22744,26.18873],[-98.22668,26.18863],[-98.22529,26.18845],[-98.22457,26.18835],[-98.22446,26.18834],[-98.22415,26.18829],[-98.22412,26.18828],[-98.22408,26.18828],[-98.22404,26.18827],[-98.22399,26.18826],[-98.22393,26.18825],[-98.2236,26.1882],[-98.22356,26.18819],[-98.22349,26.18818],[-98.21936,26.18761],[-98.2184,26.18755],[-98.21782,26.18757],[-98.21738,26.18759],[-98.21691,26.18763],[-98.21666,26.18765],[-98.21625,26.18773],[-98.21608,26.18776],[-98.21586,26.18781],[-98.21575,26.18783],[-98.2157,26.18784],[-98.21553,26.18789],[-98.21538,26.18794],[-98.21536,26.18794],[-98.21528,26.18797],[-98.21525,26.18798],[-98.21522,26.18799],[-98.2151,26.18803],[-98.21503,26.18805],[-98.21493,26.18809],[-98.21485,26.18812],[-98.21483,26.18812],[-98.21477,26.18815],[-98.21392,26.18854],[-98.21338,26.18884],[-98.21282,26.1892],[-98.21247,26.18945],[-98.21205,26.1898],[-98.21121,26.19057],[-98.21081,26.19094],[-98.21043,26.19093],[-98.21038,26.19089],[-98.20833,26.19064],[-98.2056,26.1903],[-98.2055,26.19027],[-98.20556,26.18994],[-98.20557,26.18988],[-98.20591,26.18785],[-98.20596,26.1875],[-98.20597,26.18746],[-98.20603,26.18714],[-98.20606,26.18696],[-98.20608,26.18689],[-98.20609,26.18681],[-98.20611,26.18666],[-98.20622,26.18601],[-98.20655,26.18408],[-98.20663,26.18362],[-98.20666,26.18355],[-98.2067,26.1835],[-98.20671,26.18345],[-98.20625,26.18339],[-98.20602,26.18336],[-98.20536,26.18328],[-98.20473,26.18322],[-98.20395,26.18313],[-98.20341,26.18307],[-98.20333,26.18306],[-98.20326,26.18306],[-98.203,26.18302],[-98.20277,26.18299],[-98.20222,26.18291],[-98.20196,26.18288],[-98.20117,26.18277],[-98.20095,26.18274],[-98.20057,26.18269],[-98.20028,26.18264],[-98.1988,26.18237],[-98.19804,26.18224],[-98.19801,26.18223],[-98.19647,26.18201],[-98.19607,26.18195],[-98.19437,26.18172],[-98.19183,26.18135],[-98.19028,26.18112],[-98.19009,26.1811],[-98.18952,26.18102],[-98.18933,26.18099],[-98.18913,26.18097],[-98.18855,26.18089],[-98.18835,26.18086],[-98.18817,26.18084],[-98.18764,26.18077],[-98.18746,26.18074],[-98.18725,26.18072],[-98.18664,26.18064],[-98.18644,26.18062],[-98.18631,26.18061],[-98.18606,26.18058],[-98.18493,26.18045],[-98.18477,26.18043],[-98.18473,26.18045],[-98.18455,26.18043],[-98.18404,26.18035],[-98.18391,26.18034],[-98.1837,26.18031],[-98.18362,26.1803],[-98.18309,26.18023],[-98.18289,26.1802],[-98.18285,26.18019],[-98.18273,26.18018],[-98.18269,26.18017],[-98.1825,26.18015],[-98.18194,26.18007],[-98.18176,26.18005],[-98.18139,26.18],[-98.18081,26.17993],[-98.18029,26.17986],[-98.17993,26.17982],[-98.17965,26.17978],[-98.17881,26.17968],[-98.17867,26.17966],[-98.17853,26.17964],[-98.17844,26.17963],[-98.1782,26.17959],[-98.17718,26.17945],[-98.17685,26.1794],[-98.17669,26.17938],[-98.17622,26.17931],[-98.17606,26.17929],[-98.1758,26.17925],[-98.17545,26.1792],[-98.17503,26.17914],[-98.17482,26.17911],[-98.17478,26.17911],[-98.17461,26.17909],[-98.17413,26.17903],[-98.17397,26.17902],[-98.17322,26.17891],[-98.17304,26.17889],[-98.17285,26.17886],[-98.17228,26.17878],[-98.17209,26.17876],[-98.17191,26.17873],[-98.17134,26.17865],[-98.17116,26.17863],[-98.17092,26.17859],[-98.17058,26.17855],[-98.17021,26.1785],[-98.16997,26.17847],[-98.1699,26.17891],[-98.1697,26.18017],[-98.16969,26.18026],[-98.16961,26.1807],[-98.16958,26.18088],[-98.16952,26.1812],[-98.16948,26.18143],[-98.16945,26.18161],[-98.16942,26.18178],[-98.1693,26.18247],[-98.1693,26.18248],[-98.16929,26.18252],[-98.16929,26.18254],[-98.16926,26.18271],[-98.16926,26.18274],[-98.16925,26.18277],[-98.16917,26.18322],[-98.16914,26.18339],[-98.16912,26.18353],[-98.16905,26.18394],[-98.16903,26.18408],[-98.16902,26.18411],[-98.16901,26.18419],[-98.169,26.18421],[-98.16895,26.1845],[-98.1688,26.18536],[-98.16875,26.18565],[-98.16869,26.186],[-98.16851,26.18706],[-98.1685,26.1871],[-98.16845,26.18741],[-98.16845,26.1875],[-98.16844,26.18758],[-98.16836,26.18811],[-98.16833,26.18829],[-98.16829,26.18848],[-98.16819,26.18904],[-98.16816,26.18922],[-98.16813,26.18936],[-98.16803,26.18991],[-98.16801,26.19005],[-98.16793,26.19046],[-98.16791,26.1906],[-98.16786,26.19086],[-98.16773,26.19163],[-98.16769,26.19189],[-98.16768,26.19194],[-98.16767,26.19199],[-98.16765,26.19208],[-98.16765,26.19212],[-98.16763,26.1922],[-98.16759,26.19245],[-98.16758,26.19254],[-98.16755,26.19267],[-98.16753,26.19283],[-98.16749,26.19306],[-98.16746,26.1932],[-98.16744,26.19333],[-98.16736,26.19372],[-98.16734,26.19385],[-98.16729,26.19411],[-98.16723,26.19452],[-98.16716,26.1949],[-98.16712,26.19516],[-98.16709,26.1953],[-98.16702,26.1957],[-98.16701,26.19578],[-98.167,26.19583],[-98.16698,26.19593],[-98.16694,26.19621],[-98.16692,26.1963],[-98.16679,26.19712],[-98.16671,26.19768],[-98.16662,26.19816],[-98.1666,26.19828],[-98.16652,26.19875],[-98.16644,26.1992],[-98.16627,26.20016],[-98.16619,26.20058],[-98.1661,26.20112],[-98.16598,26.20183],[-98.16591,26.20225],[-98.16585,26.20263],[-98.16565,26.20376],[-98.16559,26.20414],[-98.16558,26.20419],[-98.16555,26.20435],[-98.16554,26.2044],[-98.16553,26.20446],[-98.16553,26.2045],[-98.16552,26.20459],[-98.16549,26.2048],[-98.16547,26.2049],[-98.16542,26.20518],[-98.16541,26.20528],[-98.1653,26.20588],[-98.16528,26.20603],[-98.16523,26.20631],[-98.1652,26.20649],[-98.1651,26.20704],[-98.16507,26.20723],[-98.165,26.20767],[-98.16489,26.20827],[-98.16478,26.20898],[-98.16471,26.20943],[-98.16465,26.20975],[-98.16447,26.21072],[-98.16442,26.21105],[-98.16439,26.21118],[-98.16433,26.21157],[-98.1643,26.2117],[-98.16429,26.21181],[-98.16423,26.21213],[-98.16421,26.21223],[-98.16414,26.21265],[-98.16406,26.21311],[-98.164,26.21349],[-98.16397,26.21367],[-98.16385,26.21437],[-98.1637,26.21525],[-98.16361,26.21573],[-98.16356,26.21609],[-98.16347,26.21661],[-98.16386,26.21667],[-98.16505,26.21683],[-98.16544,26.21689],[-98.1662,26.21699],[-98.16848,26.2173],[-98.16882,26.21735],[-98.16938,26.21742],[-98.16982,26.21748],[-98.16997,26.2175],[-98.17026,26.21754],[-98.17105,26.21765],[-98.17114,26.21766],[-98.17144,26.2177],[-98.1716,26.21773],[-98.17198,26.21778],[-98.17208,26.21779],[-98.17225,26.21782],[-98.17254,26.21786],[-98.17297,26.21792],[-98.17306,26.21793],[-98.17516,26.21822],[-98.17548,26.21827],[-98.17589,26.21833],[-98.17611,26.21836],[-98.17666,26.21845],[-98.17677,26.21846],[-98.17699,26.21849],[-98.17709,26.2185],[-98.17722,26.21852],[-98.17738,26.21854],[-98.17748,26.21855],[-98.17789,26.2186],[-98.17807,26.21862],[-98.17976,26.21884],[-98.17985,26.21885],[-98.18023,26.2189],[-98.18035,26.21892],[-98.18045,26.21893],[-98.18086,26.21898],[-98.18159,26.21908],[-98.18261,26.21921],[-98.18461,26.2195],[-98.18503,26.21956],[-98.18617,26.21973],[-98.18643,26.21976],[-98.1872,26.21984],[-98.18745,26.21987],[-98.1876,26.21988],[-98.18776,26.2199],[-98.18798,26.21992],[-98.18801,26.21992],[-98.18866,26.22002],[-98.18896,26.22007],[-98.18903,26.22008],[-98.18924,26.22012],[-98.18932,26.22013],[-98.18982,26.2202],[-98.19136,26.22041],[-98.19187,26.22048],[-98.19252,26.22057],[-98.19256,26.22058],[-98.1928,26.22061],[-98.19294,26.22063],[-98.19331,26.22069],[-98.19382,26.22076],[-98.19437,26.22083],[-98.19466,26.22087],[-98.19484,26.2209],[-98.19536,26.22097],[-98.19554,26.221],[-98.19584,26.22104],[-98.19607,26.22108],[-98.19625,26.22111],[-98.19633,26.22112],[-98.19705,26.22122],[-98.19945,26.22156],[-98.20025,26.22167],[-98.20024,26.22174],[-98.20023,26.22182],[-98.20021,26.22194],[-98.2002,26.222],[-98.20013,26.2224],[-98.20004,26.22294],[-98.19992,26.22359],[-98.1999,26.2237],[-98.19985,26.22399],[-98.19984,26.22406],[-98.19981,26.22425],[-98.1998,26.22432],[-98.19971,26.22488],[-98.19962,26.22539],[-98.19961,26.22545],[-98.1996,26.22554],[-98.19946,26.22637],[-98.19943,26.22655],[-98.19933,26.22711],[-98.19932,26.22721],[-98.19927,26.22746],[-98.19909,26.22852],[-98.19903,26.22888],[-98.19893,26.22942],[-98.19888,26.22971],[-98.19866,26.23106],[-98.19857,26.2316],[-98.19856,26.23162],[-98.19852,26.23186],[-98.1984,26.23263],[-98.19836,26.23289],[-98.19833,26.23306],[-98.19824,26.2336],[-98.19821,26.23377],[-98.19817,26.234],[-98.19805,26.23469],[-98.19801,26.23492],[-98.19797,26.23513],[-98.19787,26.23577],[-98.19783,26.23599],[-98.19873,26.23611],[-98.19885,26.23613],[-98.20015,26.23631],[-98.20144,26.23649],[-98.20202,26.23657],[-98.20209,26.23658],[-98.20222,26.2366],[-98.20235,26.23662],[-98.20306,26.23672],[-98.20321,26.23674],[-98.20505,26.237],[-98.20579,26.23711],[-98.20606,26.23715],[-98.20666,26.23722],[-98.20671,26.23723],[-98.20676,26.23724],[-98.20745,26.23733],[-98.20753,26.23734],[-98.20985,26.23767],[-98.21062,26.23778],[-98.21065,26.23778],[-98.21072,26.23779],[-98.21091,26.23782],[-98.21098,26.23783],[-98.21125,26.23787],[-98.21207,26.23798],[-98.21234,26.23802],[-98.21289,26.23809],[-98.21411,26.23826],[-98.21451,26.23827],[-98.21454,26.23826],[-98.21509,26.23824],[-98.21515,26.23823],[-98.21519,26.23823],[-98.21554,26.23822],[-98.21559,26.23822],[-98.21587,26.23822],[-98.21643,26.23828],[-98.2168,26.23834],[-98.21686,26.23835],[-98.2173,26.2384],[-98.21765,26.23846],[-98.21774,26.23847],[-98.219,26.23864],[-98.21907,26.23865],[-98.21952,26.23872],[-98.21955,26.23855],[-98.21964,26.23804],[-98.21967,26.23787],[-98.21971,26.23762],[-98.21984,26.23685],[-98.21989,26.23659],[-98.2199,26.23649],[-98.21996,26.2362],[-98.21997,26.2361],[-98.21999,26.23601],[-98.22003,26.23573],[-98.22005,26.23564],[-98.22006,26.23555],[-98.22011,26.23526],[-98.22012,26.23517],[-98.22014,26.23506],[-98.22019,26.23476],[-98.22021,26.23466],[-98.22023,26.23453],[-98.22029,26.23419],[-98.2203,26.23417],[-98.2203,26.23415],[-98.22032,26.23405],[-98.22034,26.23392],[-98.22042,26.23352],[-98.22044,26.23338],[-98.22051,26.23303],[-98.2207,26.23196],[-98.22077,26.2316],[-98.22087,26.23162],[-98.22095,26.23169],[-98.22184,26.23182],[-98.22223,26.23187],[-98.22273,26.23194],[-98.22283,26.2319],[-98.22289,26.23191],[-98.22299,26.23192],[-98.22332,26.23196],[-98.22343,26.23198],[-98.22376,26.23203],[-98.22432,26.23211],[-98.22474,26.23218],[-98.22476,26.23218],[-98.22496,26.23221],[-98.22509,26.23222],[-98.22514,26.23223],[-98.22522,26.23223],[-98.22533,26.23224],[-98.22604,26.23233],[-98.22628,26.23236],[-98.22663,26.23241],[-98.22688,26.23244],[-98.22768,26.23255],[-98.22803,26.23261],[-98.22842,26.23266],[-98.22959,26.23282],[-98.22998,26.23287],[-98.22994,26.23302],[-98.22992,26.23306],[-98.22991,26.23307],[-98.22979,26.23319],[-98.22965,26.2333],[-98.22952,26.23342],[-98.22949,26.23347],[-98.22946,26.23353],[-98.22943,26.23366],[-98.22941,26.23383],[-98.22932,26.23434],[-98.22929,26.23451],[-98.22926,26.2347],[-98.22916,26.23527],[-98.22913,26.23546],[-98.229,26.23621],[-98.22897,26.2364],[-98.22893,26.23658],[-98.22884,26.23712],[-98.22881,26.2373],[-98.22878,26.23748],[-98.2287,26.23794],[-98.22869,26.23801],[-98.22866,26.23818],[-98.22863,26.23835],[-98.22853,26.23886],[-98.2285,26.23904],[-98.22847,26.23921],[-98.22841,26.23959],[-98.22839,26.23973],[-98.22836,26.23991],[-98.22884,26.23997],[-98.22985,26.2401],[-98.22996,26.24012],[-98.2303,26.24017],[-98.23078,26.24023],[-98.23119,26.24029],[-98.23241,26.24046],[-98.23276,26.24051],[-98.23282,26.24052],[-98.23284,26.24053],[-98.23288,26.24053],[-98.2329,26.24053],[-98.23296,26.24054],[-98.23313,26.24057],[-98.23321,26.24058],[-98.23327,26.24059],[-98.23338,26.2406],[-98.23343,26.24061],[-98.23349,26.24061],[-98.23363,26.24063],[-98.2337,26.24063],[-98.23422,26.2407],[-98.23432,26.24071],[-98.23453,26.24073],[-98.23486,26.24074],[-98.23498,26.24075],[-98.23526,26.24075],[-98.23586,26.24074],[-98.23619,26.24073],[-98.23647,26.24072],[-98.23731,26.24069],[-98.23758,26.24068],[-98.23794,26.24066],[-98.23901,26.24061],[-98.23903,26.24061],[-98.23939,26.2406],[-98.23944,26.2406],[-98.23951,26.24061],[-98.24017,26.24061],[-98.24054,26.24062],[-98.24117,26.24064],[-98.24254,26.24067],[-98.24278,26.24067],[-98.24333,26.24071],[-98.24364,26.24073],[-98.24393,26.24076],[-98.2442,26.24078],[-98.24429,26.2408],[-98.24511,26.2409],[-98.24547,26.24096],[-98.24654,26.24112],[-98.24678,26.24115],[-98.24765,26.24127],[-98.24752,26.24202],[-98.24731,26.24321],[-98.24713,26.24428],[-98.247,26.24503],[-98.24696,26.24525],[-98.24685,26.24593],[-98.24684,26.24596],[-98.24681,26.24616],[-98.24673,26.24661],[-98.24649,26.24798],[-98.24641,26.24843],[-98.24709,26.24853],[-98.2478,26.24863],[-98.24911,26.2488],[-98.24979,26.24889],[-98.25004,26.24893],[-98.2508,26.24903],[-98.25105,26.24906],[-98.25129,26.24909],[-98.25203,26.24919],[-98.25227,26.24922],[-98.25238,26.24924],[-98.2525,26.24925],[-98.25318,26.24935],[-98.25341,26.24938],[-98.25347,26.24939],[-98.2535,26.24939],[-98.25366,26.24941],[-98.25372,26.24942],[-98.25385,26.24944],[-98.25426,26.24949],[-98.25439,26.24951],[-98.25452,26.2488],[-98.25458,26.24846],[-98.25488,26.24665],[-98.25499,26.24593],[-98.25506,26.24553],[-98.25526,26.24432],[-98.2553,26.24411],[-98.25533,26.24392],[-98.25538,26.2436],[-98.25555,26.24264],[-98.2556,26.24232],[-98.25695,26.24254],[-98.25746,26.24262],[-98.25905,26.24287],[-98.25955,26.24294],[-98.26107,26.24314],[-98.26276,26.24338],[-98.26295,26.24341],[-98.26395,26.24355],[-98.26423,26.2436],[-98.26419,26.24373],[-98.26409,26.24435],[-98.26408,26.24446],[-98.26403,26.24467],[-98.264,26.24475],[-98.26327,26.24633],[-98.26317,26.24656],[-98.26303,26.24688],[-98.26297,26.24709],[-98.26294,26.24732],[-98.26289,26.2476],[-98.26275,26.24845],[-98.2627,26.24873],[-98.26265,26.24906],[-98.2625,26.25],[-98.26248,26.25005],[-98.26242,26.25038],[-98.26241,26.25042],[-98.26239,26.25057],[-98.26238,26.25062],[-98.26231,26.251],[-98.2621,26.25214],[-98.26203,26.25252],[-98.26201,26.25262],[-98.262,26.25272],[-98.26197,26.25285],[-98.26182,26.25377],[-98.26181,26.25383],[-98.26175,26.25416],[-98.26167,26.25463],[-98.26159,26.2551],[-98.26153,26.25543],[-98.26131,26.2567],[-98.26129,26.25682],[-98.2611,26.25793],[-98.2611,26.25795],[-98.26096,26.25888],[-98.26094,26.25897],[-98.26058,26.26093],[-98.2602,26.26303],[-98.2602,26.26307],[-98.2599,26.26496],[-98.26024,26.26501],[-98.26124,26.26514],[-98.26158,26.26519],[-98.26199,26.26525],[-98.26208,26.26526],[-98.2624,26.2653],[-98.26248,26.26531],[-98.26324,26.26542],[-98.26365,26.26548],[-98.26459,26.26561],[-98.26474,26.26563],[-98.26652,26.26587],[-98.26739,26.26599],[-98.26833,26.26611],[-98.26832,26.26617],[-98.268,26.26803],[-98.26795,26.26832],[-98.26787,26.26881],[-98.26771,26.26975],[-98.26762,26.27027],[-98.26754,26.27076],[-98.26749,26.27103],[-98.26748,26.2711],[-98.26741,26.27147],[-98.26736,26.27182],[-98.26732,26.27209],[-98.26731,26.27215],[-98.26728,26.27233],[-98.26727,26.27239],[-98.26727,26.2724],[-98.26714,26.27308],[-98.2671,26.27335],[-98.26695,26.2742],[-98.26689,26.27456],[-98.26684,26.27486],[-98.26679,26.27517],[-98.26668,26.27587],[-98.26666,26.27597],[-98.26663,26.27614],[-98.26662,26.27616],[-98.2666,26.2763],[-98.26653,26.27666],[-98.26649,26.27691],[-98.26646,26.27704],[-98.26646,26.27705],[-98.26641,26.27735],[-98.26632,26.27796],[-98.26631,26.27798],[-98.26623,26.27844],[-98.266,26.27985],[-98.266,26.27987],[-98.26589,26.2805],[-98.26586,26.28065],[-98.26578,26.28112],[-98.26575,26.28128],[-98.26564,26.28196],[-98.26551,26.28271],[-98.26536,26.28367],[-98.2653,26.28401],[-98.26518,26.28469],[-98.26503,26.28555],[-98.26493,26.28615],[-98.26472,26.28746],[-98.2646,26.28811],[-98.26459,26.28816],[-98.26444,26.28903],[-98.26425,26.29011],[-98.26417,26.29034],[-98.26416,26.29039],[-98.26412,26.29087],[-98.26404,26.29135],[-98.26401,26.29148],[-98.26394,26.29189],[-98.26392,26.29202],[-98.26389,26.29217],[-98.26387,26.29231],[-98.26382,26.2926],[-98.2638,26.29275],[-98.26379,26.2928],[-98.26377,26.29294],[-98.26376,26.29299],[-98.26373,26.29321],[-98.26362,26.29388],[-98.26359,26.2941],[-98.26357,26.29424],[-98.26357,26.29425],[-98.26349,26.29471],[-98.26346,26.29487],[-98.26333,26.29561],[-98.2631,26.29698],[-98.2631,26.29701],[-98.26295,26.29785],[-98.26282,26.29859],[-98.26274,26.29905],[-98.26266,26.29956],[-98.26259,26.30003],[-98.26217,26.30247],[-98.26201,26.30345],[-98.26198,26.30363],[-98.26188,26.30418],[-98.26185,26.30436],[-98.26183,26.30448],[-98.26181,26.30463],[-98.26167,26.30545],[-98.26162,26.30572],[-98.26153,26.30625],[-98.26153,26.30626],[-98.26133,26.30747],[-98.26126,26.30787],[-98.26117,26.30841],[-98.26116,26.30847],[-98.26113,26.30867],[-98.26112,26.30874],[-98.2611,26.30884],[-98.26105,26.30914],[-98.26103,26.30924],[-98.26102,26.30929],[-98.26089,26.31003],[-98.26082,26.31045],[-98.26051,26.31231],[-98.2605,26.31239],[-98.26042,26.31284],[-98.26037,26.31318],[-98.26034,26.31332],[-98.26026,26.31375],[-98.26024,26.31389],[-98.26021,26.31407],[-98.26019,26.31418],[-98.26005,26.31505],[-98.26001,26.31535],[-98.26,26.31544],[-98.25998,26.31553],[-98.25998,26.31555],[-98.25997,26.31561],[-98.25987,26.31615],[-98.25984,26.31636],[-98.25981,26.31655],[-98.25971,26.31712],[-98.25968,26.31731],[-98.25948,26.31845],[-98.25888,26.32189],[-98.25868,26.32303],[-98.2589,26.32306],[-98.25929,26.32312],[-98.25955,26.32316],[-98.25977,26.32319],[-98.26029,26.32327],[-98.26173,26.32348],[-98.26185,26.32349],[-98.26237,26.32357],[-98.26257,26.32359],[-98.26318,26.32367],[-98.26338,26.32369],[-98.26359,26.32372],[-98.26421,26.32381],[-98.26442,26.32384],[-98.26438,26.32416],[-98.26428,26.32471],[-98.26404,26.32609],[-98.2638,26.32732],[-98.26364,26.32819],[-98.26361,26.32837],[-98.26354,26.32877],[-98.26351,26.32892],[-98.26333,26.32994],[-98.26323,26.33049],[-98.26313,26.33107],[-98.26289,26.33244],[-98.26248,26.33478],[-98.2623,26.33573],[-98.26215,26.33656],[-98.26213,26.33669],[-98.26193,26.33794],[-98.26165,26.3396],[-98.26147,26.34057],[-98.26146,26.34064],[-98.26108,26.34289],[-98.26079,26.34437],[-98.26002,26.34873],[-98.25979,26.35005],[-98.25963,26.35103],[-98.25956,26.35135],[-98.25955,26.35143],[-98.25952,26.35156],[-98.25945,26.35194],[-98.25942,26.35207],[-98.25916,26.35203],[-98.25838,26.35192],[-98.25812,26.35188],[-98.25805,26.35228],[-98.25783,26.35345],[-98.25776,26.35385],[-98.25752,26.35512],[-98.25707,26.35754],[-98.25682,26.35895],[-98.2566,26.36023],[-98.25642,26.36124],[-98.25627,26.36208],[-98.25588,26.36426],[-98.25571,26.36527],[-98.25541,26.36687],[-98.25479,26.37027],[-98.25463,26.37125],[-98.25456,26.37167],[-98.25428,26.37327],[-98.25427,26.37331],[-98.25425,26.37343],[-98.25425,26.37347],[-98.25398,26.37492],[-98.2532,26.37929],[-98.25295,26.38068],[-98.25294,26.38074],[-98.25268,26.38214],[-98.25249,26.38316],[-98.25231,26.38409],[-98.25196,26.38598],[-98.2519,26.38633],[-98.25166,26.38773],[-98.25148,26.38875],[-98.2514,26.38918],[-98.25131,26.38967],[-98.25111,26.39085],[-98.25085,26.39244],[-98.25067,26.39338],[-98.25064,26.39353],[-98.25038,26.39498],[-98.25021,26.396],[-98.25001,26.39717],[-98.24986,26.39812],[-98.24924,26.40144],[-98.24896,26.40301],[-98.24895,26.4031],[-98.2489,26.40339],[-98.24853,26.40529],[-98.24848,26.40556],[-98.24857,26.40602],[-98.2486,26.40665],[-98.24861,26.40666],[-98.24868,26.40683],[-98.24896,26.40705],[-98.24957,26.40724],[-98.24988,26.40729],[-98.25169,26.40758],[-98.25279,26.40776],[-98.25373,26.40789],[-98.25655,26.40828],[-98.25749,26.40841],[-98.25774,26.4084],[-98.25784,26.40839],[-98.25885,26.40825],[-98.25919,26.4082],[-98.2592,26.40822],[-98.25921,26.40829],[-98.25921,26.40831],[-98.2596,26.40835],[-98.26025,26.40847],[-98.26095,26.40858],[-98.26465,26.40913],[-98.26609,26.40935],[-98.26617,26.40937],[-98.26791,26.40962],[-98.26865,26.40973],[-98.26914,26.40981],[-98.26997,26.40991],[-98.27089,26.41005],[-98.27163,26.41016],[-98.2729,26.41034],[-98.27365,26.41044],[-98.2764,26.41084],[-98.27664,26.41087],[-98.27674,26.41089],[-98.27696,26.41092],[-98.28025,26.41142],[-98.28311,26.41184],[-98.28528,26.41215],[-98.28741,26.41247],[-98.28884,26.41267],[-98.29172,26.41309],[-98.29179,26.41309],[-98.29181,26.4131],[-98.29201,26.41313],[-98.29455,26.41351],[-98.29731,26.41389],[-98.29886,26.41411],[-98.30077,26.41437],[-98.302,26.41455],[-98.30284,26.41469],[-98.30335,26.41474],[-98.30415,26.41486],[-98.30754,26.41535],[-98.30913,26.41558],[-98.3095,26.41563],[-98.31096,26.41585],[-98.31167,26.41594],[-98.3122,26.41603],[-98.31251,26.41608],[-98.31367,26.41625],[-98.31399,26.4163],[-98.31466,26.41638],[-98.31542,26.41651],[-98.31828,26.4169],[-98.32034,26.4172],[-98.32119,26.41732],[-98.32305,26.4176],[-98.32355,26.41767],[-98.32362,26.41769],[-98.32391,26.41774],[-98.32477,26.41787],[-98.32533,26.41794],[-98.32591,26.418],[-98.32635,26.4181],[-98.32791,26.41834],[-98.32863,26.41845],[-98.33024,26.41867],[-98.33347,26.41914],[-98.33394,26.41921],[-98.3359,26.41951],[-98.33595,26.41952],[-98.33764,26.41975],[-98.33829,26.41985],[-98.34241,26.42046],[-98.3427,26.4205],[-98.34439,26.42076],[-98.34518,26.42088],[-98.34576,26.42096],[-98.34803,26.42128],[-98.34988,26.42157],[-98.35022,26.42162],[-98.35126,26.42176],[-98.35221,26.42189],[-98.35318,26.42205],[-98.35339,26.42208],[-98.35523,26.42235],[-98.35809,26.42278],[-98.35951,26.42298],[-98.35979,26.42302],[-98.36065,26.42316],[-98.36096,26.4232],[-98.36124,26.42324],[-98.36173,26.42336],[-98.36191,26.42342],[-98.36235,26.42348],[-98.36369,26.42365],[-98.36414,26.42371],[-98.3645,26.42376],[-98.36558,26.4239],[-98.36594,26.42395],[-98.36613,26.42398],[-98.36603,26.42465],[-98.36564,26.42722],[-98.36551,26.42807],[-98.36664,26.42823],[-98.37003,26.4287],[-98.37116,26.42885],[-98.37173,26.42893],[-98.37344,26.42916],[-98.37401,26.42924],[-98.37436,26.42929],[-98.37445,26.4293],[-98.37501,26.4294],[-98.37541,26.42947],[-98.37576,26.42952],[-98.37681,26.42965],[-98.37691,26.42966],[-98.37952,26.43004],[-98.37995,26.4301],[-98.381,26.43024],[-98.38116,26.43026],[-98.38165,26.43033],[-98.38181,26.43035],[-98.38287,26.4305],[-98.38579,26.4309],[-98.38603,26.43093],[-98.38709,26.43108],[-98.38737,26.43112],[-98.38747,26.43113],[-98.38754,26.43114],[-98.38822,26.43124],[-98.38851,26.43128],[-98.38912,26.43137],[-98.39094,26.43162],[-98.39155,26.4317],[-98.39349,26.43198],[-98.39665,26.43241],[-98.39839,26.43262],[-98.39982,26.43282],[-98.40004,26.43284],[-98.40063,26.43291],[-98.40136,26.43301],[-98.40279,26.4332],[-98.40305,26.43324],[-98.40386,26.43336],[-98.40457,26.43345],[-98.40475,26.43348],[-98.40673,26.43376],[-98.40745,26.43386],[-98.40866,26.43403],[-98.40984,26.43419],[-98.41116,26.43437],[-98.41228,26.43453],[-98.41265,26.43458],[-98.41349,26.43469],[-98.41434,26.4348],[-98.41441,26.43481],[-98.41688,26.43517],[-98.41704,26.43519],[-98.41772,26.4353],[-98.41816,26.43537],[-98.41946,26.43557],[-98.41972,26.43561],[-98.4199,26.43563],[-98.41998,26.43565],[-98.4211,26.43579],[-98.42401,26.43618],[-98.42473,26.43627],[-98.42594,26.43644],[-98.42676,26.43655],[-98.42773,26.43669],[-98.42878,26.43684],[-98.43068,26.43711],[-98.43217,26.43729],[-98.43303,26.43742],[-98.43311,26.43743],[-98.43377,26.43754],[-98.43451,26.43765],[-98.4349,26.4377],[-98.4353,26.43775],[-98.4365,26.43791],[-98.43691,26.43797],[-98.43751,26.43806],[-98.4383,26.43816],[-98.43903,26.43825],[-98.4395,26.4383],[-98.44054,26.43844],[-98.44197,26.43862],[-98.44249,26.43869],[-98.44336,26.43881],[-98.44389,26.43888],[-98.44552,26.43911],[-98.44629,26.43922],[-98.44695,26.43932],[-98.44827,26.43949],[-98.45041,26.43979],[-98.45204,26.44001],[-98.45222,26.44004],[-98.45275,26.44011],[-98.45293,26.44014],[-98.45472,26.44038],[-98.45761,26.44079],[-98.45903,26.44096],[-98.46008,26.44111],[-98.46187,26.44137],[-98.46353,26.4416],[-98.46463,26.44176],[-98.46616,26.44195],[-98.46749,26.44214],[-98.46852,26.44228],[-98.47009,26.44249],[-98.47019,26.44251],[-98.47089,26.44261],[-98.47098,26.44262],[-98.47107,26.44263],[-98.47177,26.44273],[-98.47194,26.44275],[-98.47224,26.44278],[-98.47328,26.44292],[-98.47366,26.44298],[-98.47457,26.44311],[-98.47518,26.44319],[-98.47528,26.44319],[-98.47545,26.44317],[-98.47555,26.44317],[-98.47576,26.44317],[-98.47633,26.44326],[-98.47768,26.44346],[-98.47899,26.44364],[-98.47988,26.44376],[-98.48144,26.44398],[-98.48506,26.44448],[-98.48614,26.44462],[-98.4877,26.44483],[-98.48821,26.4449],[-98.48934,26.44504],[-98.48973,26.44509],[-98.49004,26.44513],[-98.49023,26.44516],[-98.49037,26.44517],[-98.49057,26.4452],[-98.49161,26.44532],[-98.49195,26.44536],[-98.49195,26.44537],[-98.49179,26.44575],[-98.49131,26.44686],[-98.49115,26.44723],[-98.4901,26.44932],[-98.4888,26.45194],[-98.48754,26.45449],[-98.48697,26.4556],[-98.48591,26.45769],[-98.48583,26.45784],[-98.48441,26.46009],[-98.47988,26.46727],[-98.47837,26.46966],[-98.47828,26.46981],[-98.47775,26.4709],[-98.47592,26.47466],[-98.47531,26.47592],[-98.47509,26.47635],[-98.47446,26.47766],[-98.47425,26.47809],[-98.47388,26.47885],[-98.47278,26.48111],[-98.47241,26.48187],[-98.47118,26.48438],[-98.46751,26.49194],[-98.46628,26.49446],[-98.46329,26.50034],[-98.46255,26.50173],[-98.45364,26.5186],[-98.45109,26.52341],[-98.44726,26.53063],[-98.44447,26.53589],[-98.44082,26.54277],[-98.43611,26.55163],[-98.43332,26.55688],[-98.43243,26.55855],[-98.42977,26.56357],[-98.42888,26.56524],[-98.42712,26.56855],[-98.42227,26.57767],[-98.42184,26.57847],[-98.42008,26.58178],[-98.41805,26.58562],[-98.41194,26.59713],[-98.4099,26.60097],[-98.40851,26.60359],[-98.40608,26.6081],[-98.40492,26.61023],[-98.40371,26.61248],[-98.39984,26.61965],[-98.39947,26.62033],[-98.39677,26.62534],[-98.39474,26.62955],[-98.39431,26.63044],[-98.39396,26.63118],[-98.39359,26.63193],[-98.39123,26.63685],[-98.39111,26.63709],[-98.3908,26.63775],[-98.39076,26.63783],[-98.39064,26.63808],[-98.38899,26.6415],[-98.38406,26.65175],[-98.38245,26.65511],[-98.38242,26.65517],[-98.38214,26.65574],[-98.38132,26.65746],[-98.38105,26.65801],[-98.38104,26.65803],[-98.37939,26.66147],[-98.3753,26.66998],[-98.37437,26.67176],[-98.37261,26.67515],[-98.37248,26.67541],[-98.37223,26.67595],[-98.37111,26.67837],[-98.37074,26.67918],[-98.37014,26.6805],[-98.36832,26.68445],[-98.36771,26.68577],[-98.36713,26.68698],[-98.36537,26.69063],[-98.36479,26.69184],[-98.36452,26.69239],[-98.36373,26.69402],[-98.36347,26.69457],[-98.36172,26.6982],[-98.35647,26.7091],[-98.35472,26.71274],[-98.35386,26.71452],[-98.35127,26.71987],[-98.35047,26.72153],[-98.35041,26.72165],[-98.34992,26.72267],[-98.34847,26.72571],[-98.34798,26.72673],[-98.34784,26.72701],[-98.3436,26.73572],[-98.33821,26.74677],[-98.33647,26.75033],[-98.3305,26.76272],[-98.32615,26.77173],[-98.32506,26.774],[-98.32177,26.78081],[-98.32068,26.78308],[-98.32299,26.78309],[-98.32993,26.78313],[-98.33224,26.78314],[-98.3355,26.78316],[-98.34529,26.78322],[-98.34856,26.78324],[-98.34909,26.78324],[-98.35068,26.78325],[-98.35121,26.78325],[-98.36128,26.78327],[-98.3753,26.7833],[-98.38324,26.78331],[-98.3915,26.78335],[-98.3985,26.78338],[-98.40158,26.7834],[-98.40374,26.78342],[-98.41024,26.78346],[-98.4124,26.78348],[-98.41369,26.78348],[-98.4142,26.78349],[-98.41757,26.78347],[-98.41886,26.78346],[-98.41889,26.78346],[-98.41957,26.78348],[-98.42171,26.78352],[-98.42243,26.78353],[-98.42246,26.78353],[-98.42258,26.78353],[-98.42262,26.78353],[-98.42261,26.7842],[-98.42256,26.7862],[-98.42254,26.78687],[-98.4225,26.78822],[-98.4225,26.78826],[-98.42232,26.79534],[-98.42232,26.79805],[-98.42233,26.79947],[-98.42231,26.80098],[-98.42222,26.80978],[-98.42219,26.81271],[-98.42215,26.8161],[-98.42214,26.8167],[-98.42202,26.82866],[-98.42198,26.83264],[-98.42192,26.83869],[-98.42191,26.84102],[-98.42183,26.85803],[-98.42181,26.85889],[-98.42163,26.86614],[-98.42142,26.87452],[-98.42142,26.87458],[-98.42146,26.87533],[-98.42118,26.87703],[-98.42116,26.87835],[-98.42096,26.88992],[-98.4209,26.89378],[-98.42084,26.89733],[-98.42077,26.90164],[-98.42066,26.90797],[-98.4206,26.91152],[-98.42041,26.92206],[-98.42022,26.93337],[-98.41988,26.9537],[-98.41983,26.95652],[-98.4197,26.96425],[-98.41951,26.97582],[-98.4191,27.00032],[-98.41876,27.01055],[-98.41865,27.0139],[-98.41839,27.02185],[-98.41838,27.02212],[-98.41837,27.02273],[-98.41834,27.02457],[-98.41833,27.02519],[-98.41834,27.02579],[-98.41838,27.02759],[-98.41839,27.02819],[-98.41839,27.02827],[-98.41838,27.02852],[-98.41838,27.02861],[-98.41837,27.02863],[-98.41837,27.02871],[-98.41837,27.02874],[-98.41833,27.03088],[-98.41819,27.03731],[-98.41814,27.03946],[-98.41814,27.03984],[-98.41813,27.04056],[-98.41807,27.04387],[-98.41805,27.04498],[-98.41802,27.04704],[-98.41792,27.05322],[-98.41789,27.05528],[-98.42468,27.0552],[-98.44507,27.05496],[-98.45186,27.05488],[-98.45409,27.05486],[-98.46077,27.05479],[-98.463,27.05476],[-98.46655,27.05471],[-98.46657,27.05654],[-98.46672,27.07267],[-98.46677,27.07805],[-98.46678,27.07903],[-98.4668,27.08196],[-98.46681,27.08294],[-98.46684,27.08652],[-98.46694,27.09728],[-98.46698,27.10087],[-98.467,27.10341],[-98.46707,27.11102],[-98.4671,27.11356],[-98.4671,27.11597],[-98.46713,27.12321],[-98.46714,27.12532],[-98.46715,27.12562],[-98.46717,27.12851],[-98.46725,27.13719],[-98.46727,27.14009],[-98.46729,27.142],[-98.47444,27.14202],[-98.49292,27.14206],[-98.49293,27.15079],[-98.49294,27.15987],[-98.49293,27.16282],[-98.49293,27.1717],[-98.49292,27.17466],[-98.49292,27.17469],[-98.49292,27.17474],[-98.49292,27.17927],[-98.49294,27.19301],[-98.49295,27.19759],[-98.49295,27.19769],[-98.49295,27.1981],[-98.49295,27.19987],[-98.49295,27.23211],[-98.49295,27.23215],[-98.49295,27.23227],[-98.49295,27.23285],[-98.49295,27.23501],[-98.49331,27.23527],[-98.49353,27.23533],[-98.4937,27.23533],[-98.49381,27.23535],[-98.49393,27.23549],[-98.49417,27.23569],[-98.49466,27.23601],[-98.49514,27.23625],[-98.49567,27.23654],[-98.49648,27.23691],[-98.49698,27.23698],[-98.49772,27.2371],[-98.49861,27.23735],[-98.49989,27.23752],[-98.50001,27.23752],[-98.50033,27.23754],[-98.50068,27.2376],[-98.50146,27.23777],[-98.50209,27.23793],[-98.50275,27.23801],[-98.50328,27.23802],[-98.50376,27.238],[-98.50461,27.23803],[-98.50465,27.23805],[-98.50497,27.23814],[-98.50525,27.23824],[-98.5056,27.23839],[-98.50594,27.23861],[-98.50618,27.23873],[-98.50789,27.241],[-98.50819,27.24147],[-98.50841,27.24185],[-98.50933,27.24304],[-98.50981,27.24375],[-98.50993,27.24401],[-98.51004,27.24445],[-98.51008,27.24473],[-98.5101,27.24504],[-98.51016,27.24543],[-98.51032,27.24784],[-98.51038,27.24829],[-98.51045,27.24871],[-98.51056,27.24915],[-98.5109,27.25],[-98.51139,27.25047],[-98.51172,27.25074],[-98.51201,27.25095],[-98.51244,27.25119],[-98.51325,27.25145],[-98.51371,27.25151],[-98.51425,27.2515],[-98.51469,27.2514],[-98.51495,27.25138],[-98.51546,27.25124],[-98.51595,27.25107],[-98.51642,27.25087],[-98.51738,27.25054],[-98.51823,27.25031],[-98.51862,27.25018],[-98.51898,27.25012],[-98.51921,27.25015],[-98.51935,27.25023],[-98.51952,27.25047],[-98.52001,27.25125],[-98.52013,27.25152],[-98.52025,27.25186],[-98.52051,27.25235],[-98.52066,27.25264],[-98.52092,27.25303],[-98.52117,27.25331],[-98.52168,27.25382],[-98.52228,27.25409],[-98.52278,27.25409],[-98.52344,27.25399],[-98.52403,27.2538],[-98.52509,27.25342],[-98.52613,27.25308],[-98.52669,27.25302],[-98.52698,27.253],[-98.52728,27.253],[-98.52754,27.25304],[-98.528,27.25315],[-98.52833,27.25328],[-98.52865,27.25338],[-98.52891,27.25346],[-98.52916,27.25357],[-98.52956,27.25367],[-98.53006,27.25385],[-98.53054,27.25413],[-98.53055,27.25414],[-98.53109,27.25442],[-98.53158,27.25479],[-98.5318,27.25516],[-98.53243,27.25596],[-98.53266,27.25627],[-98.53293,27.2567],[-98.53307,27.25686],[-98.53328,27.2573],[-98.53362,27.25807],[-98.5337,27.25903],[-98.53367,27.26072],[-98.53375,27.26096],[-98.53412,27.26188],[-98.53439,27.2622],[-98.53458,27.26241],[-98.5348,27.26262],[-98.53505,27.26293],[-98.53522,27.26313],[-98.53553,27.26355],[-98.53572,27.26386],[-98.53581,27.26402],[-98.53601,27.26424],[-98.53619,27.26449],[-98.53628,27.26463],[-98.53656,27.26506],[-98.53657,27.26509],[-98.53665,27.26519],[-98.53648,27.26519],[-98.53596,27.26516],[-98.53579,27.26516],[-98.53363,27.26525],[-98.52447,27.26516],[-98.52329,27.26515],[-98.52325,27.26515],[-98.52238,27.26514],[-98.50984,27.26504],[-98.5003,27.26496],[-98.46964,27.26457],[-98.45624,27.2644],[-98.45453,27.26438],[-98.4494,27.26434],[-98.44768,27.26433],[-98.44228,27.26428],[-98.42606,27.26415],[-98.42065,27.26411],[-98.41932,27.2641],[-98.41531,27.26406],[-98.41398,27.26405],[-98.41266,27.26404],[-98.40872,27.26401],[-98.40743,27.264],[-98.4074,27.264],[-98.40629,27.26399],[-98.40294,27.26396],[-98.40182,27.26395],[-98.39887,27.26393],[-98.39002,27.26386],[-98.38706,27.26384],[-98.38675,27.26383],[-98.38582,27.26382],[-98.38551,27.26382],[-98.38478,27.26382],[-98.38262,27.2638],[-98.38191,27.26379],[-98.37822,27.26376],[-98.37529,27.26374],[-98.36718,27.26374],[-98.36376,27.26375],[-98.3635,27.26375],[-98.36169,27.26373],[-98.35627,27.26368],[-98.35447,27.26366],[-98.35324,27.26365],[-98.34955,27.26361],[-98.34832,27.2636],[-98.34722,27.26359],[-98.34392,27.26355],[-98.34282,27.26354],[-98.3404,27.26352],[-98.33316,27.26344],[-98.33075,27.26342],[-98.32907,27.26341],[-98.32402,27.26336],[-98.32264,27.26334],[-98.32234,27.26334],[-98.3211,27.26333],[-98.31739,27.26329],[-98.31615,27.26328],[-98.31579,27.26328],[-98.31472,27.26326],[-98.31436,27.26326],[-98.31265,27.26324],[-98.30751,27.26319],[-98.3058,27.26318],[-98.30546,27.26317],[-98.30446,27.26316],[-98.30412,27.26316],[-98.30338,27.26315],[-98.30114,27.26313],[-98.3004,27.26312],[-98.2949,27.26307],[-98.2784,27.26291],[-98.2729,27.26285],[-98.27053,27.26283],[-98.26343,27.26276],[-98.26106,27.26274],[-98.2607,27.26273],[-98.25961,27.26272],[-98.25925,27.26272],[-98.25541,27.26268],[-98.25029,27.26263],[-98.24389,27.26259],[-98.24005,27.26256],[-98.24003,27.26256],[-98.23853,27.26254],[-98.23399,27.2625],[-98.23247,27.26248],[-98.23248,27.26596],[-98.23252,27.27637],[-98.23253,27.27985],[-98.23254,27.28206],[-98.23255,27.28429],[-98.23256,27.2887],[-98.23257,27.29092],[-98.23257,27.29103],[-98.23257,27.29137],[-98.23257,27.29148],[-98.23258,27.29381],[-98.2326,27.30078],[-98.23261,27.30311],[-98.23262,27.30393],[-98.23262,27.30639],[-98.23263,27.30721],[-98.23263,27.30907],[-98.23265,27.31462],[-98.23266,27.31648],[-98.23266,27.31728],[-98.23267,27.31969],[-98.23267,27.32028],[-98.23267,27.32049],[-98.23268,27.32279],[-98.23271,27.32967],[-98.23272,27.33196],[-98.23272,27.33255],[-98.23272,27.33432],[-98.23273,27.33492],[-98.23273,27.33493],[-98.23273,27.33621],[-98.23273,27.33669],[-98.23274,27.34009],[-98.23275,27.34122],[-98.23275,27.34138],[-98.23275,27.34302],[-98.23277,27.34792],[-98.23278,27.34956],[-98.23278,27.34957],[-98.23278,27.35063],[-98.2328,27.35493],[-98.2328,27.35634],[-98.2328,27.35678],[-98.23282,27.36235],[-98.23283,27.36422],[-98.23284,27.36806],[-98.23286,27.37531],[-98.23287,27.37962],[-98.23288,27.38347],[-98.23288,27.3842],[-98.23288,27.3852],[-98.23288,27.38637],[-98.23289,27.3871],[-98.2329,27.39224],[-98.23293,27.40767],[-98.23296,27.41282],[-98.23295,27.41283],[-98.23295,27.4158],[-98.23296,27.41597],[-98.23296,27.41614],[-98.23296,27.41699],[-98.23297,27.422],[-98.23299,27.42951],[-98.233,27.43369],[-98.23301,27.43667],[-98.23303,27.4456],[-98.23304,27.44858],[-98.23304,27.44895],[-98.23305,27.45006],[-98.23305,27.45044],[-98.23305,27.4506],[-98.23305,27.45108],[-98.23305,27.45124],[-98.23306,27.45321],[-98.23307,27.45789],[-98.23307,27.45916],[-98.23308,27.46114],[-98.23309,27.46565],[-98.23313,27.47919],[-98.23314,27.48371],[-98.23315,27.48651],[-98.23315,27.48721],[-98.23315,27.48731],[-98.23315,27.48738],[-98.23316,27.48761],[-98.23317,27.48771],[-98.23317,27.48816],[-98.23317,27.48953],[-98.23318,27.48967],[-98.23318,27.48998],[-98.23318,27.49149],[-98.23319,27.49603],[-98.2332,27.49755],[-98.2332,27.49766],[-98.2332,27.49801],[-98.2332,27.49813],[-98.23321,27.49846],[-98.23321,27.49869],[-98.23321,27.49872],[-98.23322,27.49898],[-98.23322,27.4992],[-98.23325,27.50031],[-98.23325,27.50036],[-98.23324,27.50092],[-98.23323,27.50197],[-98.23323,27.50215],[-98.23327,27.50585],[-98.23328,27.50708],[-98.23328,27.50711],[-98.23329,27.50718],[-98.23329,27.50721],[-98.23331,27.5075],[-98.23331,27.51028],[-98.23332,27.51449],[-98.23336,27.5195],[-98.23336,27.5204],[-98.23334,27.52258],[-98.23334,27.5227],[-98.23333,27.52309],[-98.23333,27.52321],[-98.23336,27.52427],[-98.2334,27.52603],[-98.23341,27.52746],[-98.23341,27.52852],[-98.23341,27.52883],[-98.23342,27.52976],[-98.23342,27.52982],[-98.23342,27.53006],[-98.23342,27.53007],[-98.23343,27.53299],[-98.23344,27.53353],[-98.23347,27.54125],[-98.23347,27.54172],[-98.23347,27.54175],[-98.23349,27.54467],[-98.23351,27.54715],[-98.23351,27.54734],[-98.23354,27.55122],[-98.23354,27.55456],[-98.23353,27.55703],[-98.23353,27.5574],[-98.23353,27.55848],[-98.23353,27.55862],[-98.23356,27.55885],[-98.23356,27.55886],[-98.23356,27.55891],[-98.23357,27.55893],[-98.23357,27.56059],[-98.23358,27.56152],[-98.23358,27.56411],[-98.23359,27.56557],[-98.2336,27.56723],[-98.2336,27.56752],[-98.2336,27.56839],[-98.2336,27.56868],[-98.23361,27.57033],[-98.23362,27.57344],[-98.23362,27.57422],[-98.23362,27.57526],[-98.23363,27.57688],[-98.23363,27.57691],[-98.23363,27.57799],[-98.23363,27.57801],[-98.23363,27.57877],[-98.23364,27.57925],[-98.23364,27.58047],[-98.23366,27.58413],[-98.23366,27.58535],[-98.23367,27.58649],[-98.23367,27.58941],[-98.23369,27.59558],[-98.23371,27.60157],[-98.23372,27.60383],[-98.23373,27.60563],[-98.23373,27.60583],[-98.23373,27.60643],[-98.23373,27.60663],[-98.23374,27.60751],[-98.23375,27.61015],[-98.23375,27.61102],[-98.23377,27.61152],[-98.23377,27.61216],[-98.23378,27.61557],[-98.23378,27.6167],[-98.23378,27.61687],[-98.23378,27.6181],[-98.23379,27.62228],[-98.23379,27.62363],[-98.23379,27.62367],[-98.23376,27.62463],[-98.23373,27.62531],[-98.23376,27.62749],[-98.23378,27.62827],[-98.23378,27.62845],[-98.23377,27.62985],[-98.23377,27.62989],[-98.23376,27.63086],[-98.23374,27.63403],[-98.23373,27.63543],[-98.23373,27.63649],[-98.23373,27.64171],[-98.23373,27.64373],[-98.23373,27.64508],[-98.23373,27.64523],[-98.23373,27.65339],[-98.23373,27.65434],[-98.23373,27.65539],[-98.23373,27.65642],[-98.23373,27.65758],[-98.23382,27.66228],[-98.23371,27.66381],[-98.23371,27.66383],[-98.23371,27.66744],[-98.2337,27.66746],[-98.23371,27.66869],[-98.23371,27.67239],[-98.2337,27.67362],[-98.23371,27.67363],[-98.23371,27.67623],[-98.23369,27.68407],[-98.23369,27.68669],[-98.23369,27.68923],[-98.23371,27.69685],[-98.23371,27.69939],[-98.23371,27.7005],[-98.23372,27.70151],[-98.23372,27.70381],[-98.23372,27.70492],[-98.2338,27.7062],[-98.23403,27.70964],[-98.23405,27.71005],[-98.23414,27.71133],[-98.23413,27.71198],[-98.23409,27.71394],[-98.23407,27.71459],[-98.23416,27.71471],[-98.23423,27.71484],[-98.23422,27.71533],[-98.23422,27.71772],[-98.23422,27.71851],[-98.23423,27.71913],[-98.23423,27.71921],[-98.23428,27.72098],[-98.23429,27.72159],[-98.23429,27.72164],[-98.23429,27.72165],[-98.23429,27.72199],[-98.23429,27.7223],[-98.23428,27.72428],[-98.23428,27.72454],[-98.23428,27.72457],[-98.2343,27.72493],[-98.23432,27.72531],[-98.2344,27.72643],[-98.23442,27.7268],[-98.23442,27.72699],[-98.23443,27.72753],[-98.23443,27.72755],[-98.23444,27.72774],[-98.23444,27.7278],[-98.23445,27.72799],[-98.23445,27.72805],[-98.23442,27.72847],[-98.23434,27.72972],[-98.23431,27.73014],[-98.2343,27.73124],[-98.23427,27.73456],[-98.23425,27.73567],[-98.23425,27.7358],[-98.23425,27.73619],[-98.23425,27.73632],[-98.23424,27.73682],[-98.23423,27.73831],[-98.23422,27.7388],[-98.23421,27.73953],[-98.23419,27.74171],[-98.23419,27.74244],[-98.23418,27.7427],[-98.23417,27.74348],[-98.23417,27.7437],[-98.23417,27.74374],[-98.23417,27.74438],[-98.23415,27.7463],[-98.23414,27.74694],[-98.23414,27.74703],[-98.23416,27.7473],[-98.23416,27.7474],[-98.2342,27.74814],[-98.2343,27.7503],[-98.2343,27.75037],[-98.23433,27.75112],[-98.23436,27.75188],[-98.23437,27.75226],[-98.23437,27.75417],[-98.23437,27.75494],[-98.23437,27.75502],[-98.23437,27.75662],[-98.23437,27.75664],[-98.23437,27.75667],[-98.23437,27.75681],[-98.23437,27.75684],[-98.23437,27.75685],[-98.23436,27.75705],[-98.23436,27.75764],[-98.23436,27.75783],[-98.23436,27.75784],[-98.23436,27.75885],[-98.2345,27.75988],[-98.23439,27.76041],[-98.23441,27.76086],[-98.23441,27.76093],[-98.23442,27.76192],[-98.23443,27.76214],[-98.23443,27.76279],[-98.23443,27.763],[-98.23443,27.76301],[-98.23444,27.76363],[-98.23444,27.76379],[-98.23444,27.76382],[-98.23444,27.76385],[-98.23444,27.76402],[-98.23444,27.76407],[-98.23444,27.76418],[-98.23444,27.76425],[-98.23442,27.76475],[-98.23441,27.76492],[-98.23441,27.76494],[-98.23441,27.76499],[-98.23441,27.76508],[-98.23441,27.7652],[-98.23441,27.76531],[-98.23441,27.76538],[-98.23441,27.76546],[-98.23441,27.76569],[-98.23441,27.76577],[-98.23441,27.76586],[-98.2344,27.76613],[-98.2344,27.76622],[-98.23442,27.76728],[-98.23442,27.7674],[-98.23442,27.76751],[-98.23443,27.76816],[-98.23443,27.76837],[-98.23444,27.76941],[-98.23445,27.77057],[-98.23445,27.77107],[-98.23449,27.77482],[-98.2345,27.77545],[-98.23452,27.77733],[-98.23452,27.77796],[-98.23452,27.77801],[-98.2345,27.77817],[-98.23449,27.77819],[-98.23449,27.77822],[-98.23447,27.77856],[-98.23445,27.77906],[-98.23445,27.78025],[-98.23445,27.78098],[-98.23447,27.78192],[-98.23447,27.78198],[-98.23449,27.78333],[-98.2345,27.78418],[-98.23451,27.78509],[-98.23451,27.78582],[-98.2345,27.78618],[-98.2345,27.78635],[-98.23452,27.78731],[-98.23451,27.78773],[-98.23449,27.78838],[-98.23449,27.7885],[-98.23449,27.78857],[-98.23448,27.78915],[-98.23448,27.78925],[-98.23448,27.78934],[-98.23447,27.79112],[-98.23448,27.79319],[-98.23448,27.79392],[-98.23449,27.79442],[-98.23449,27.79461],[-98.23452,27.79551],[-98.23453,27.7961],[-98.23454,27.79727],[-98.23452,27.7986],[-98.23454,27.79993],[-98.23454,27.80117],[-98.23456,27.80176],[-98.23457,27.80197],[-98.23458,27.80208],[-98.23456,27.80238],[-98.23455,27.80274],[-98.23454,27.80484],[-98.23456,27.80514],[-98.23456,27.80548],[-98.23458,27.80766],[-98.23458,27.8085],[-98.2346,27.80963],[-98.23463,27.81135],[-98.23463,27.81208],[-98.23464,27.81334],[-98.23464,27.81426],[-98.23464,27.81471],[-98.23465,27.81659],[-98.23468,27.82224],[-98.23469,27.82412],[-98.23467,27.82431],[-98.23468,27.82451],[-98.23471,27.82479],[-98.23471,27.82482],[-98.2347,27.82522],[-98.23469,27.82578],[-98.23472,27.82644],[-98.23474,27.82683],[-98.23475,27.82721],[-98.23474,27.8275],[-98.23473,27.82809],[-98.23471,27.82984],[-98.2347,27.83043],[-98.23469,27.83045],[-98.23468,27.8305],[-98.23468,27.83052],[-98.23467,27.83066],[-98.2347,27.83342],[-98.23476,27.83913],[-98.23476,27.83961],[-98.23477,27.84211],[-98.23478,27.845],[-98.23478,27.8458],[-98.23479,27.84821],[-98.23479,27.84902],[-98.23479,27.84975],[-98.2348,27.85195],[-98.2348,27.85269],[-98.23481,27.85567],[-98.23483,27.86462],[-98.23484,27.86761],[-98.23484,27.86777],[-98.23484,27.86827],[-98.23485,27.86845],[-98.23484,27.86865],[-98.23485,27.86926],[-98.23485,27.86947],[-98.23486,27.86963],[-98.23489,27.87026],[-98.23489,27.87036],[-98.23489,27.87065],[-98.23489,27.87075],[-98.23489,27.87093],[-98.23488,27.87166],[-98.23485,27.87439],[-98.23484,27.8753],[-98.23485,27.87736],[-98.23488,27.88355],[-98.23489,27.88562],[-98.23489,27.88621],[-98.2349,27.888],[-98.2349,27.88861],[-98.2349,27.88965],[-98.23492,27.89246],[-98.23491,27.89246],[-98.23492,27.89465],[-98.23495,27.8997],[-98.23496,27.90121],[-98.23498,27.9034],[-98.23498,27.90342],[-98.23499,27.90563],[-98.23504,27.9123],[-98.23505,27.91453],[-98.23507,27.91725],[-98.23507,27.91741],[-98.23509,27.92606],[-98.2351,27.92895],[-98.2351,27.93082],[-98.2351,27.93186],[-98.23511,27.93889],[-98.23512,27.93955],[-98.23513,27.94063],[-98.23516,27.94356],[-98.23517,27.94478],[-98.23517,27.94504],[-98.2352,27.94845],[-98.23522,27.94968],[-98.23522,27.94973],[-98.23522,27.94984],[-98.23522,27.94988],[-98.23521,27.94994],[-98.2352,27.95012],[-98.23518,27.95052],[-98.23518,27.95066],[-98.23518,27.9508],[-98.23518,27.95084],[-98.23519,27.95324],[-98.23524,27.96044],[-98.23526,27.96284],[-98.23527,27.96502],[-98.23529,27.96745],[-98.23531,27.97076],[-98.23533,27.97424],[-98.23535,27.97684],[-98.23536,27.98065],[-98.23538,27.98395],[-98.23539,27.9863],[-98.23541,27.99227],[-98.23542,27.99335],[-98.23543,27.9957],[-98.23543,27.99573],[-98.23543,27.99581],[-98.2353,27.99997],[-98.23529,28.00029],[-98.2353,28.00134],[-98.23536,28.01138],[-98.23537,28.01279],[-98.23539,28.01673],[-98.2354,28.01704],[-98.2354,28.01706],[-98.2354,28.01714],[-98.2354,28.01739],[-98.23541,28.01747],[-98.23541,28.01859],[-98.23541,28.01987],[-98.23542,28.02196],[-98.23542,28.02309],[-98.23543,28.02465],[-98.23543,28.02548],[-98.23544,28.02934],[-98.23544,28.03091],[-98.23545,28.03251],[-98.23546,28.03732],[-98.23546,28.03892],[-98.23546,28.03905],[-98.23546,28.03943],[-98.23546,28.03957],[-98.23546,28.0399],[-98.23547,28.04091],[-98.23547,28.04125],[-98.23547,28.04129],[-98.23547,28.04141],[-98.23547,28.04145],[-98.23548,28.04475],[-98.2355,28.05796],[-98.23469,28.05796],[-98.23227,28.05795],[-98.23146,28.05795],[-98.23024,28.05795],[-98.2266,28.05794],[-98.22596,28.05794],[-98.22538,28.05794],[-98.22501,28.05794],[-98.22388,28.05793],[-98.2235,28.05793],[-98.22112,28.05793],[-98.21397,28.05791],[-98.21158,28.0579],[-98.2111,28.05789],[-98.20967,28.05786],[-98.20919,28.05785],[-98.2053,28.05786],[-98.20348,28.05787],[-98.20155,28.05788],[-98.19491,28.05785],[-98.18634,28.05783],[-98.18063,28.05781],[-98.17798,28.0578],[-98.17005,28.05777],[-98.16741,28.05776],[-98.16726,28.05776],[-98.1668,28.05775],[-98.16665,28.05775],[-98.16643,28.05775],[-98.16579,28.05775],[-98.16558,28.05775],[-98.16085,28.05774],[-98.15885,28.05773],[-98.15547,28.05772],[-98.15531,28.05772],[-98.15515,28.05772],[-98.15502,28.05772],[-98.15069,28.05771],[-98.14665,28.05769],[-98.14317,28.05767],[-98.14191,28.05767],[-98.14073,28.05766],[-98.14067,28.05766],[-98.13716,28.05765],[-98.13598,28.05765],[-98.13518,28.05764],[-98.13498,28.05764],[-98.13486,28.05764],[-98.1344,28.05764],[-98.13437,28.05764],[-98.13427,28.05764],[-98.13359,28.05764],[-98.13348,28.05764],[-98.1311,28.05763],[-98.13031,28.05763],[-98.12976,28.05763],[-98.12868,28.05762],[-98.12529,28.05761],[-98.12246,28.05761],[-98.11594,28.05759],[-98.11418,28.05758],[-98.11357,28.05758],[-98.10889,28.05756],[-98.10713,28.05756],[-98.10634,28.05755],[-98.10396,28.05755],[-98.10317,28.05754],[-98.10197,28.05754],[-98.10015,28.05753],[-98.09837,28.05753],[-98.09756,28.05753],[-98.09717,28.05753],[-98.09534,28.05752],[-98.08985,28.0575],[-98.08802,28.0575],[-98.08721,28.05749],[-98.08478,28.05749],[-98.08397,28.05748],[-98.08293,28.05747],[-98.07981,28.05743],[-98.07876,28.05741],[-98.07683,28.0574],[-98.07588,28.0574],[-98.06723,28.05736],[-98.06434,28.05735],[-98.06344,28.05733],[-98.06074,28.05729],[-98.05984,28.05728],[-98.05795,28.05727],[-98.05756,28.05726],[-98.05732,28.05726],[-98.05682,28.05726],[-98.04979,28.05722],[-98.04728,28.05721],[-98.04585,28.0572],[-98.04419,28.0572],[-98.0407,28.05718],[-98.03491,28.05716],[-98.03182,28.05715],[-98.03007,28.05714],[-98.02482,28.05712],[-98.02307,28.05711],[-98.02073,28.0571],[-98.01956,28.05709],[-98.0139,28.05706],[-98.01372,28.05706],[-98.01138,28.05705],[-98.01079,28.05705],[-98.01014,28.05704],[-98.00903,28.05704],[-98.00845,28.05704],[-98.00528,28.05703],[-98.00287,28.05702],[-98.00028,28.05701],[-97.99681,28.057],[-97.99579,28.057],[-97.99263,28.057],[-97.9897,28.05699],[-97.98448,28.05697],[-97.98096,28.05696],[-97.9809,28.05696],[-97.97797,28.05695],[-97.97759,28.05696],[-97.97645,28.05695],[-97.97644,28.05696],[-97.97648,28.05697],[-97.97588,28.05698],[-97.97549,28.05698],[-97.9738,28.05699],[-97.97324,28.057],[-97.9714,28.05699],[-97.9712,28.05699],[-97.96508,28.05696],[-97.96305,28.05695],[-97.96193,28.05695],[-97.95857,28.05694],[-97.95746,28.05693],[-97.95644,28.05693],[-97.95338,28.05692],[-97.95236,28.05691],[-97.95073,28.05691],[-97.95032,28.0569],[-97.94567,28.05688],[-97.93901,28.05684],[-97.93171,28.0568],[-97.92706,28.05678],[-97.92617,28.05677],[-97.9235,28.05676],[-97.92261,28.05675],[-97.92031,28.05674],[-97.9134,28.0567],[-97.9111,28.05669],[-97.91063,28.05669],[-97.90923,28.05668],[-97.90877,28.05668],[-97.90863,28.05668],[-97.90822,28.05668],[-97.90808,28.05668],[-97.908,28.05668],[-97.90776,28.05669],[-97.90768,28.05669],[-97.90763,28.05669],[-97.90761,28.05669],[-97.90725,28.05669],[-97.90616,28.0567],[-97.90579,28.0567],[-97.90522,28.05671],[-97.9035,28.05672],[-97.90292,28.05673],[-97.9028,28.05673],[-97.90242,28.05673],[-97.9023,28.05673],[-97.90171,28.05674],[-97.90118,28.05674],[-97.9011,28.05674],[-97.90103,28.05674],[-97.89996,28.05675],[-97.89938,28.05676],[-97.8991,28.05676],[-97.89824,28.05677],[-97.89796,28.05677],[-97.89772,28.05677],[-97.897,28.05678],[-97.89676,28.05678],[-97.89649,28.05678],[-97.89568,28.05679],[-97.89541,28.05679],[-97.895,28.0568],[-97.89379,28.05681],[-97.89338,28.05681],[-97.89329,28.05681],[-97.893,28.05681],[-97.8929,28.05681],[-97.89095,28.05683],[-97.89025,28.05684],[-97.8876,28.05686],[-97.88538,28.05688],[-97.8851,28.05688],[-97.88315,28.0569],[-97.88344,28.05708],[-97.88425,28.05723],[-97.88457,28.05758],[-97.88443,28.0581],[-97.88394,28.05868],[-97.88359,28.05912],[-97.8836,28.05971],[-97.88404,28.06003],[-97.88486,28.06003],[-97.88603,28.06009],[-97.88646,28.06011],[-97.88826,28.06022],[-97.88931,28.06065],[-97.88983,28.06126],[-97.88988,28.06167],[-97.8895,28.06184],[-97.88906,28.06216],[-97.88895,28.06249],[-97.88909,28.06287],[-97.88965,28.06319],[-97.89036,28.06336],[-97.89111,28.06339],[-97.8917,28.06311],[-97.89205,28.06272],[-97.89217,28.06258],[-97.89246,28.06203],[-97.89272,28.06149],[-97.89313,28.06109],[-97.89368,28.06082],[-97.89432,28.06076],[-97.89485,28.06084],[-97.89534,28.06117],[-97.89594,28.06201],[-97.89701,28.06355],[-97.89781,28.06448],[-97.89876,28.06507],[-97.89929,28.06519],[-97.8994,28.06522],[-97.89983,28.0653],[-97.90003,28.06563],[-97.90026,28.06651],[-97.90067,28.06721],[-97.90123,28.06784],[-97.90134,28.06826],[-97.90136,28.06835],[-97.90124,28.06874],[-97.9008,28.0689],[-97.90069,28.06894],[-97.90034,28.06905],[-97.90022,28.06946],[-97.90036,28.06971],[-97.90086,28.07009],[-97.90093,28.07016],[-97.90171,28.07086],[-97.90205,28.07141],[-97.90211,28.07193],[-97.90152,28.07301],[-97.90118,28.07425],[-97.90133,28.07547],[-97.90112,28.07588],[-97.90098,28.07592],[-97.90049,28.07606],[-97.90027,28.07606],[-97.89966,28.07607],[-97.89852,28.07535],[-97.89779,28.07468],[-97.89742,28.07452],[-97.89683,28.07459],[-97.89636,28.07495],[-97.89552,28.07545],[-97.89542,28.07572],[-97.89545,28.07587],[-97.89604,28.07652],[-97.89756,28.07833],[-97.89851,28.08001],[-97.89912,28.08156],[-97.89952,28.08214],[-97.90019,28.0826],[-97.90106,28.08273],[-97.90121,28.08277],[-97.90167,28.08289],[-97.90216,28.08348],[-97.9031,28.08551],[-97.90337,28.08587],[-97.90392,28.08662],[-97.90498,28.08738],[-97.90582,28.08731],[-97.90672,28.08657],[-97.90712,28.08643],[-97.90744,28.08654],[-97.9077,28.08678],[-97.9082,28.08793],[-97.90821,28.08799],[-97.90853,28.08963],[-97.90859,28.09015],[-97.90878,28.09186],[-97.90868,28.09252],[-97.90812,28.09345],[-97.90725,28.09451],[-97.90689,28.09541],[-97.90695,28.09603],[-97.90704,28.09616],[-97.90748,28.09689],[-97.90756,28.09729],[-97.90731,28.09758],[-97.90684,28.09787],[-97.90537,28.09824],[-97.90397,28.09898],[-97.90345,28.0993],[-97.90343,28.09931],[-97.90143,28.09942],[-97.89812,28.09944],[-97.89708,28.09976],[-97.89657,28.10021],[-97.89648,28.10102],[-97.89664,28.10183],[-97.89728,28.10218],[-97.89817,28.10205],[-97.89879,28.10209],[-97.89887,28.10221],[-97.89905,28.1025],[-97.8993,28.10339],[-97.89927,28.10435],[-97.89883,28.10553],[-97.89873,28.10574],[-97.89827,28.10678],[-97.89798,28.10832],[-97.898,28.10857],[-97.89808,28.10986],[-97.89832,28.11122],[-97.89829,28.11185],[-97.89803,28.11224],[-97.89767,28.11289],[-97.89777,28.11333],[-97.89804,28.11367],[-97.89857,28.11394],[-97.89925,28.11395],[-97.89993,28.11372],[-97.90049,28.11364],[-97.90089,28.11371],[-97.90134,28.11398],[-97.9015,28.11408],[-97.9021,28.1143],[-97.90244,28.11425],[-97.90286,28.11414],[-97.90337,28.11396],[-97.90381,28.11398],[-97.90409,28.11423],[-97.90184,28.11583],[-97.90174,28.1159],[-97.8994,28.11757],[-97.89628,28.11978],[-97.89511,28.12066],[-97.89291,28.12232],[-97.89277,28.12242],[-97.89237,28.12272],[-97.89224,28.12282],[-97.88875,28.12529],[-97.88718,28.12643],[-97.88171,28.13039],[-97.88122,28.13074],[-97.88045,28.1313],[-97.88009,28.13156],[-97.87528,28.13504],[-97.87402,28.13588],[-97.87362,28.13614],[-97.8733,28.13638],[-97.87313,28.1365],[-97.87296,28.13663],[-97.8718,28.13748],[-97.87112,28.13798],[-97.86977,28.13897],[-97.86829,28.14006],[-97.86772,28.14048],[-97.86727,28.14081],[-97.86684,28.14113],[-97.86664,28.14127],[-97.86068,28.14565],[-97.85463,28.15011],[-97.8516,28.15237],[-97.85137,28.15254],[-97.85111,28.15272],[-97.85087,28.1529],[-97.84284,28.15883],[-97.8383,28.16219],[-97.83773,28.16238],[-97.83605,28.16354],[-97.83289,28.16591],[-97.83164,28.16679],[-97.82791,28.16941],[-97.82729,28.16985],[-97.82647,28.17045],[-97.82291,28.17308],[-97.82145,28.17416],[-97.82106,28.17423],[-97.8209,28.17443],[-97.81955,28.17547],[-97.81857,28.17622],[-97.81772,28.17685],[-97.81667,28.17762],[-97.81547,28.1785],[-97.81517,28.17872],[-97.81421,28.17942],[-97.81389,28.17966],[-97.81187,28.18115],[-97.81151,28.18141],[-97.8107,28.182],[-97.80878,28.18341],[-97.81016,28.18575],[-97.82136,28.20467],[-97.82178,28.20542],[-97.82187,28.20554],[-97.8226,28.20679],[-97.82479,28.21053],[-97.82538,28.21155],[-97.82552,28.21178],[-97.82644,28.21335],[-97.82921,28.21807],[-97.82984,28.21916],[-97.83012,28.21965],[-97.83835,28.23408],[-97.84311,28.24249],[-97.84348,28.24277],[-97.84378,28.24342],[-97.84459,28.24514],[-97.84523,28.24622],[-97.84551,28.24646],[-97.84558,28.24653],[-97.84575,28.24665],[-97.84612,28.24693],[-97.84616,28.24695],[-97.84623,28.24706],[-97.84658,28.24761],[-97.8469,28.24812],[-97.84791,28.24973],[-97.84808,28.25],[-97.84821,28.25028],[-97.8516,28.25613],[-97.85308,28.25868],[-97.86149,28.27318],[-97.86169,28.27354],[-97.86295,28.2757],[-97.86559,28.28026],[-97.87528,28.29712],[-97.87542,28.29735],[-97.88044,28.30591],[-97.88996,28.32211],[-97.89055,28.32311],[-97.8937,28.32847],[-97.90001,28.3393],[-97.90009,28.33944],[-97.90974,28.35601],[-97.91007,28.35656],[-97.91273,28.36114],[-97.9128,28.36126],[-97.91377,28.3629],[-97.91438,28.36393],[-97.91475,28.36455],[-97.91586,28.36643],[-97.91623,28.36706],[-97.92104,28.37528],[-97.92505,28.3821],[-97.92567,28.38316],[-97.92719,28.38574],[-97.92831,28.38763],[-97.92845,28.38788],[-97.92955,28.38984],[-97.93023,28.391],[-97.93119,28.39264],[-97.9339,28.39728],[-97.93435,28.39805],[-97.93541,28.39986],[-97.93627,28.40134],[-97.93859,28.4053],[-97.94101,28.40943],[-97.94228,28.41161],[-97.94265,28.41224],[-97.9469,28.41948],[-97.94932,28.42361],[-97.9507,28.42596],[-97.953,28.42996],[-97.95403,28.43175],[-97.95585,28.4349],[-97.96108,28.44399],[-97.96152,28.44476],[-97.9617,28.44507],[-97.96286,28.44708],[-97.9633,28.44785],[-97.96531,28.45135],[-97.96895,28.45767],[-97.97135,28.46185],[-97.97187,28.46278],[-97.97335,28.46536],[-97.97402,28.46652],[-97.97601,28.47],[-97.97667,28.47116],[-97.97671,28.47122],[-97.97682,28.47138],[-97.97684,28.47144],[-97.97709,28.47187],[-97.97783,28.47316],[-97.97808,28.47359],[-97.98177,28.48005],[-97.98492,28.48555],[-97.9886,28.49198],[-97.99088,28.49595],[-97.99097,28.49611],[-97.99124,28.49658],[-97.99133,28.49673],[-97.99333,28.50027],[-97.99832,28.50873],[-97.99985,28.51133],[-98.0,28.51158],[-98.00028,28.51208],[-98.00189,28.51472],[-98.00394,28.51819],[-98.00658,28.5226],[-98.00681,28.523],[-98.00723,28.52362],[-98.00809,28.52508],[-98.00851,28.52577],[-98.00975,28.52787],[-98.01068,28.52944],[-98.01143,28.53071],[-98.01154,28.5309],[-98.01279,28.53299],[-98.01651,28.53921],[-98.01655,28.53928],[-98.01774,28.54141],[-98.01812,28.54203],[-98.01926,28.54391],[-98.01964,28.54453],[-98.02048,28.54596],[-98.02134,28.54742],[-98.02301,28.55025],[-98.02386,28.55167],[-98.02499,28.55359],[-98.02794,28.55857],[-98.02839,28.55933],[-98.02952,28.56125],[-98.02987,28.56185],[-98.03121,28.56403],[-98.03237,28.56594],[-98.03257,28.56634],[-98.03376,28.56844],[-98.03478,28.57017],[-98.03676,28.57351],[-98.03967,28.57843],[-98.04089,28.58049],[-98.04389,28.58549],[-98.04559,28.58833],[-98.04685,28.59047],[-98.04878,28.59376],[-98.05056,28.59679],[-98.05373,28.60211],[-98.05467,28.60369],[-98.05644,28.60667],[-98.05749,28.60843],[-98.05842,28.61001],[-98.05925,28.61142],[-98.06015,28.61294],[-98.06172,28.61564],[-98.06255,28.61705],[-98.06267,28.61727],[-98.06284,28.61755],[-98.06306,28.61793],[-98.06319,28.61815],[-98.06402,28.61959],[-98.06537,28.62189],[-98.06661,28.62386],[-98.06751,28.62526],[-98.06786,28.62589],[-98.069,28.6279],[-98.06914,28.62812],[-98.073,28.63464],[-98.07418,28.63663],[-98.07586,28.63947],[-98.07646,28.64048],[-98.07722,28.64177],[-98.08131,28.64867],[-98.08144,28.6489],[-98.08256,28.6508],[-98.08267,28.65098],[-98.08408,28.65338],[-98.08533,28.65549],[-98.08654,28.65755],[-98.08834,28.66058],[-98.08977,28.66298],[-98.08339,28.66504],[-98.08221,28.66543],[-98.08115,28.66577],[-98.08041,28.66601],[-98.07878,28.66654],[-98.07778,28.66687],[-98.07124,28.66898],[-98.07,28.66939],[-98.06776,28.67011],[-98.06295,28.67164],[-98.05258,28.67502],[-98.05176,28.67529],[-98.05148,28.67538],[-98.03929,28.67929],[-98.03764,28.67981],[-98.037,28.68002],[-98.0351,28.68062],[-98.03447,28.68082],[-98.03415,28.68092],[-98.0332,28.68123],[-98.03288,28.68133],[-98.03256,28.68143],[-98.03244,28.68147],[-98.03232,28.68151],[-98.03024,28.68217],[-98.03018,28.68219],[-98.03011,28.68221],[-98.02929,28.68247],[-98.02685,28.68325],[-98.0172,28.6864],[-98.01382,28.6875],[-98.00526,28.69024],[-98.00453,28.69047],[-98.00237,28.69117],[-98.00179,28.69136],[-98.00164,28.6914],[-98.00109,28.69156],[-98.00025,28.6918],[-97.99941,28.69204],[-97.99886,28.6922],[-97.99879,28.69222],[-97.99351,28.69405],[-97.98642,28.69651],[-97.9863,28.69655],[-97.98622,28.69657],[-97.98598,28.69665],[-97.98591,28.69668],[-97.98407,28.69728],[-97.97855,28.6991],[-97.97671,28.6997],[-97.97632,28.69983],[-97.97517,28.70021],[-97.97478,28.70033],[-97.97435,28.70048],[-97.97433,28.70048],[-97.96387,28.70385],[-97.96351,28.70399],[-97.96248,28.70435],[-97.96128,28.70478],[-97.96074,28.70497],[-97.96017,28.70517],[-97.95992,28.70525],[-97.95895,28.70554],[-97.95775,28.70593],[-97.95643,28.70635],[-97.95615,28.70645],[-97.95588,28.70654],[-97.95352,28.7073],[-97.95245,28.70765],[-97.95186,28.70782],[-97.95136,28.70799],[-97.95065,28.70822],[-97.95021,28.70836],[-97.94956,28.70857],[-97.94793,28.70909],[-97.94672,28.70948],[-97.94527,28.70995],[-97.94462,28.71017],[-97.94456,28.71018],[-97.94403,28.71035],[-97.94377,28.71045],[-97.94369,28.71047],[-97.94164,28.71116],[-97.94159,28.71117],[-97.94103,28.71137],[-97.94048,28.71155],[-97.9393,28.71194],[-97.93876,28.71213],[-97.93794,28.7124],[-97.93735,28.71261],[-97.93626,28.71298],[-97.9356,28.71321],[-97.93529,28.71331],[-97.93355,28.71391],[-97.93318,28.71404],[-97.93162,28.71456],[-97.93157,28.71458],[-97.93097,28.71477],[-97.93003,28.71508],[-97.92945,28.71527],[-97.9287,28.71552],[-97.92715,28.71601],[-97.92692,28.71609],[-97.92584,28.71643],[-97.9254,28.71657],[-97.92536,28.7166],[-97.92533,28.71662],[-97.92528,28.71662],[-97.92521,28.71665],[-97.92511,28.71671],[-97.92478,28.71683],[-97.92463,28.71689],[-97.92433,28.717],[-97.92395,28.71713],[-97.92323,28.71737],[-97.92318,28.71739],[-97.92299,28.71747],[-97.91814,28.71915],[-97.91797,28.7191],[-97.91779,28.71904],[-97.91757,28.71885],[-97.91738,28.71869],[-97.91698,28.71832],[-97.91685,28.71832],[-97.91668,28.71835],[-97.91645,28.71854],[-97.91625,28.71866],[-97.91616,28.71887],[-97.9161,28.71907],[-97.91603,28.71923],[-97.91573,28.71944],[-97.91542,28.71958],[-97.91511,28.71965],[-97.91453,28.71952],[-97.91435,28.71938],[-97.91413,28.71913],[-97.91414,28.71894],[-97.91403,28.71855],[-97.91368,28.7183],[-97.91331,28.71817],[-97.91303,28.71795],[-97.9124,28.71768],[-97.9119,28.7173],[-97.9117,28.71706],[-97.91129,28.71667],[-97.91087,28.7164],[-97.91056,28.71594],[-97.91042,28.71576],[-97.91017,28.71545],[-97.91001,28.71513],[-97.90959,28.71468],[-97.9094,28.71451],[-97.90884,28.71428],[-97.9086,28.71421],[-97.90823,28.71418],[-97.90811,28.71404],[-97.90788,28.71388],[-97.90765,28.71378],[-97.90743,28.71358],[-97.90711,28.7133],[-97.90693,28.71321],[-97.90678,28.71316],[-97.90665,28.71316],[-97.90629,28.71326],[-97.9059,28.71324],[-97.90575,28.71312],[-97.90558,28.71311],[-97.90523,28.7134],[-97.90501,28.71348],[-97.90485,28.71347],[-97.9047,28.71333],[-97.90463,28.71311],[-97.90454,28.713],[-97.90443,28.71292],[-97.90429,28.71287],[-97.90418,28.71284],[-97.90339,28.71297],[-97.90282,28.71299],[-97.90254,28.71299],[-97.9022,28.71301],[-97.90198,28.71291],[-97.9017,28.71261],[-97.90156,28.71239],[-97.9015,28.71224],[-97.90141,28.71209],[-97.9013,28.71179],[-97.9011,28.71181],[-97.90093,28.71178],[-97.90076,28.71171],[-97.90057,28.71158],[-97.9004,28.71134],[-97.90032,28.71116],[-97.90038,28.71105],[-97.90049,28.71098],[-97.9008,28.71087],[-97.90089,28.71079],[-97.9009,28.71069],[-97.90088,28.71059],[-97.90076,28.71046],[-97.90029,28.7102],[-97.90012,28.71022],[-97.89954,28.71027],[-97.89941,28.71025],[-97.89929,28.71014],[-97.89919,28.71001],[-97.89912,28.70984],[-97.89909,28.70968],[-97.89892,28.70934],[-97.89881,28.70923],[-97.89863,28.70906],[-97.89855,28.70898],[-97.8985,28.70892],[-97.89834,28.70864],[-97.89826,28.70842],[-97.89813,28.70811],[-97.89816,28.7079],[-97.89817,28.70772],[-97.89811,28.70746],[-97.89804,28.70734],[-97.89795,28.70713],[-97.89797,28.70674],[-97.89793,28.70659],[-97.89786,28.70645],[-97.89781,28.70618],[-97.89778,28.70602],[-97.89781,28.70581],[-97.89778,28.70566],[-97.89767,28.7056],[-97.89752,28.70554],[-97.89728,28.70547],[-97.89709,28.70539],[-97.89675,28.70532],[-97.89668,28.70518],[-97.89671,28.70499],[-97.89671,28.70488],[-97.89667,28.70465],[-97.89662,28.70461],[-97.89638,28.70459],[-97.89626,28.70459],[-97.89592,28.70465],[-97.89583,28.70464],[-97.8957,28.70458],[-97.89563,28.70453],[-97.89544,28.70436],[-97.89528,28.70413],[-97.8952,28.70405],[-97.8951,28.70398],[-97.89498,28.70397],[-97.89486,28.70402],[-97.89472,28.70405],[-97.89463,28.70415],[-97.89462,28.70424],[-97.89467,28.70439],[-97.89467,28.70455],[-97.89462,28.70469],[-97.89453,28.70476],[-97.8944,28.70476],[-97.8942,28.70475],[-97.89411,28.70479],[-97.89395,28.7049],[-97.89383,28.70491],[-97.89375,28.70493],[-97.89357,28.70503],[-97.89344,28.70504],[-97.89335,28.70501],[-97.89326,28.70496],[-97.89305,28.70462],[-97.89304,28.70447],[-97.89304,28.70436],[-97.89308,28.70429],[-97.89311,28.70416],[-97.89318,28.70398],[-97.8932,28.70381],[-97.8932,28.70368],[-97.89319,28.70361],[-97.89317,28.70355],[-97.8931,28.70343],[-97.89304,28.70337],[-97.89296,28.70335],[-97.89281,28.70348],[-97.89275,28.70358],[-97.89275,28.70371],[-97.89272,28.70382],[-97.89266,28.70387],[-97.89258,28.70387],[-97.89247,28.70384],[-97.89244,28.70381],[-97.89236,28.70377],[-97.89229,28.70368],[-97.89224,28.70361],[-97.8922,28.70349],[-97.89205,28.70337],[-97.89192,28.70325],[-97.89182,28.7031],[-97.89176,28.7029],[-97.89176,28.70277],[-97.89178,28.70266],[-97.89191,28.70256],[-97.89226,28.70239],[-97.89241,28.70229],[-97.89261,28.70213],[-97.89293,28.70192],[-97.89295,28.70182],[-97.89294,28.70174],[-97.89286,28.70163],[-97.89276,28.70158],[-97.89269,28.70149],[-97.89269,28.70138],[-97.89274,28.70132],[-97.89286,28.70122],[-97.89299,28.70109],[-97.89301,28.70089],[-97.89308,28.70079],[-97.89332,28.70068],[-97.89344,28.70055],[-97.89339,28.7003],[-97.89341,28.70013],[-97.89335,28.69997],[-97.8929,28.69986],[-97.89267,28.69976],[-97.89245,28.6996],[-97.89242,28.69947],[-97.89236,28.69938],[-97.89231,28.69929],[-97.89221,28.69921],[-97.89211,28.69916],[-97.89194,28.69931],[-97.89181,28.69951],[-97.89181,28.69963],[-97.89174,28.69971],[-97.8916,28.69972],[-97.89153,28.69966],[-97.89128,28.69939],[-97.89117,28.69925],[-97.89106,28.69914],[-97.89092,28.69918],[-97.89084,28.69929],[-97.89084,28.69956],[-97.89088,28.69968],[-97.89079,28.69973],[-97.89047,28.69971],[-97.89029,28.69966],[-97.89001,28.69954],[-97.88996,28.69946],[-97.88993,28.69945],[-97.88979,28.69939],[-97.88968,28.69941],[-97.8896,28.69947],[-97.88955,28.69962],[-97.88956,28.69976],[-97.88952,28.69987],[-97.8894,28.69992],[-97.88928,28.69992],[-97.88908,28.6999],[-97.88868,28.69968],[-97.88799,28.69939],[-97.88774,28.69927],[-97.88747,28.69907],[-97.88724,28.69897],[-97.88697,28.69893],[-97.88663,28.69894],[-97.88642,28.6989],[-97.88624,28.69875],[-97.88614,28.69858],[-97.8861,28.69837],[-97.88608,28.69816],[-97.88606,28.69802],[-97.88596,28.69795],[-97.88583,28.69795],[-97.88575,28.69797],[-97.88565,28.69801],[-97.88565,28.69811],[-97.88554,28.69844],[-97.88533,28.69852],[-97.88512,28.69851],[-97.88494,28.69853],[-97.88466,28.69853],[-97.88442,28.69837],[-97.88429,28.69817],[-97.88426,28.698],[-97.88429,28.69772],[-97.88425,28.69745],[-97.88412,28.69723],[-97.88394,28.69689],[-97.8839,28.69658],[-97.88394,28.69626],[-97.88402,28.6961],[-97.88417,28.69604],[-97.88434,28.69595],[-97.88434,28.69585],[-97.88426,28.69573],[-97.88368,28.69545],[-97.88321,28.69569],[-97.88281,28.6958],[-97.88251,28.69586],[-97.8824,28.69599],[-97.8823,28.69614],[-97.8822,28.69635],[-97.88208,28.69645],[-97.88186,28.69654],[-97.88137,28.69651],[-97.88117,28.69641],[-97.88082,28.69599],[-97.88084,28.6959],[-97.88096,28.69572],[-97.88113,28.69553],[-97.88124,28.69528],[-97.88124,28.695],[-97.88116,28.6948],[-97.88086,28.69459],[-97.88071,28.69458],[-97.88052,28.69464],[-97.88031,28.69477],[-97.88015,28.69498],[-97.88017,28.69516],[-97.88021,28.69542],[-97.88019,28.6956],[-97.8801,28.6957],[-97.87994,28.69582],[-97.87976,28.69589],[-97.87955,28.69591],[-97.87941,28.6959],[-97.87918,28.69576],[-97.87901,28.69558],[-97.87901,28.69536],[-97.87901,28.69516],[-97.87923,28.69484],[-97.87903,28.69465],[-97.87903,28.69449],[-97.87912,28.6944],[-97.87918,28.69435],[-97.87935,28.69429],[-97.87945,28.69411],[-97.8794,28.69372],[-97.87924,28.69366],[-97.87903,28.69361],[-97.87874,28.69358],[-97.87848,28.6935],[-97.87829,28.69341],[-97.87799,28.69332],[-97.87785,28.69326],[-97.87778,28.69319],[-97.87767,28.69311],[-97.87755,28.69309],[-97.87746,28.69312],[-97.87741,28.69318],[-97.87741,28.69329],[-97.87749,28.69348],[-97.87747,28.69361],[-97.87743,28.69367],[-97.87736,28.6937],[-97.87732,28.6937],[-97.87723,28.69366],[-97.8771,28.69364],[-97.87673,28.6935],[-97.87661,28.69332],[-97.87661,28.69285],[-97.87673,28.69253],[-97.87666,28.69243],[-97.87655,28.69237],[-97.87633,28.69231],[-97.87612,28.69226],[-97.87576,28.69201],[-97.87573,28.69189],[-97.87582,28.69157],[-97.8758,28.69143],[-97.87556,28.69135],[-97.8753,28.69139],[-97.87515,28.69138],[-97.875,28.69139],[-97.87437,28.69131],[-97.87413,28.69125],[-97.87394,28.69124],[-97.87358,28.69123],[-97.87354,28.69119],[-97.87339,28.69106],[-97.87322,28.69085],[-97.8729,28.69035],[-97.87283,28.69027],[-97.87277,28.69025],[-97.87276,28.69023],[-97.87273,28.69023],[-97.87264,28.69016],[-97.87246,28.69009],[-97.87235,28.69009],[-97.87231,28.69006],[-97.87224,28.69005],[-97.87206,28.68998],[-97.87203,28.68997],[-97.87156,28.68983],[-97.87111,28.68964],[-97.87068,28.68952],[-97.87007,28.68945],[-97.86987,28.68946],[-97.86968,28.68947],[-97.86918,28.68956],[-97.86881,28.6896],[-97.8678,28.68964],[-97.8676,28.6896],[-97.86732,28.68958],[-97.86704,28.68951],[-97.86699,28.68948],[-97.86681,28.68941],[-97.86678,28.68941],[-97.86627,28.68912],[-97.86614,28.68903],[-97.86611,28.68901],[-97.86579,28.68884],[-97.86574,28.68875],[-97.86563,28.68865],[-97.86553,28.68859],[-97.86538,28.6884],[-97.86523,28.6883],[-97.8651,28.68817],[-97.86485,28.68783],[-97.86471,28.68771],[-97.86468,28.68765],[-97.86459,28.68762],[-97.86434,28.68738],[-97.8643,28.68736],[-97.86426,28.68736],[-97.86412,28.6872],[-97.86337,28.68677],[-97.86297,28.68644],[-97.8624,28.68611],[-97.86218,28.68599],[-97.86138,28.68567],[-97.86056,28.68555],[-97.86023,28.68544],[-97.86004,28.68532],[-97.85987,28.68523],[-97.85924,28.68486],[-97.85905,28.68472],[-97.8589,28.68466],[-97.85837,28.68434],[-97.85818,28.68427],[-97.8576,28.68416],[-97.85714,28.68416],[-97.85713,28.68419],[-97.85689,28.68426],[-97.85659,28.6845],[-97.85635,28.68477],[-97.85628,28.6848],[-97.85623,28.68484],[-97.85615,28.68488],[-97.85612,28.68491],[-97.85605,28.68493],[-97.85603,28.68495],[-97.8559,28.68499],[-97.85579,28.68505],[-97.85568,28.68508],[-97.85567,28.6851],[-97.85564,28.6851],[-97.85564,28.68512],[-97.85518,28.68519],[-97.85501,28.68525],[-97.85476,28.68531],[-97.85445,28.68525],[-97.85392,28.68521],[-97.85367,28.68521],[-97.85293,28.68509],[-97.8528,28.68504],[-97.85252,28.68498],[-97.85233,28.68489],[-97.85228,28.68484],[-97.85218,28.6848],[-97.85184,28.6845],[-97.85167,28.68437],[-97.85148,28.68428],[-97.85142,28.68421],[-97.85139,28.68421],[-97.85116,28.68401],[-97.85111,28.684],[-97.85095,28.68387],[-97.85092,28.68387],[-97.85087,28.68381],[-97.85062,28.68369],[-97.85041,28.68365],[-97.85018,28.68364],[-97.84997,28.68369],[-97.84981,28.68369],[-97.8496,28.68367],[-97.84946,28.68364],[-97.84939,28.6836],[-97.84932,28.68359],[-97.84929,28.68356],[-97.84913,28.68351],[-97.84886,28.68351],[-97.84867,28.68349],[-97.84814,28.68345],[-97.84784,28.68345],[-97.84754,28.68341],[-97.84749,28.68339],[-97.84737,28.68339],[-97.84715,28.68329],[-97.84696,28.68327],[-97.84651,28.68317],[-97.84618,28.68306],[-97.84606,28.68305],[-97.84601,28.683],[-97.84589,28.68296],[-97.84581,28.6829],[-97.84555,28.68279],[-97.84543,28.68265],[-97.84527,28.68253],[-97.84494,28.68235],[-97.8449,28.68235],[-97.84477,28.68227],[-97.84457,28.68217],[-97.84444,28.68207],[-97.84441,28.68207],[-97.84437,28.68202],[-97.84431,28.682],[-97.84425,28.68194],[-97.8442,28.68193],[-97.84391,28.68168],[-97.84356,28.68151],[-97.84344,28.68148],[-97.84312,28.68148],[-97.84282,28.68154],[-97.84281,28.68155],[-97.84275,28.68155],[-97.84268,28.68158],[-97.84261,28.68158],[-97.84238,28.68163],[-97.84218,28.68154],[-97.84198,28.68141],[-97.8418,28.68126],[-97.84176,28.68126],[-97.84167,28.6812],[-97.8415,28.681],[-97.84142,28.68085],[-97.84125,28.68066],[-97.84122,28.68059],[-97.84115,28.68052],[-97.84106,28.68049],[-97.84083,28.68051],[-97.84069,28.68057],[-97.84047,28.68072],[-97.84017,28.68088],[-97.84004,28.68104],[-97.83976,28.68127],[-97.83959,28.68132],[-97.83942,28.68132],[-97.83929,28.68128],[-97.83912,28.6812],[-97.83903,28.68111],[-97.83884,28.68084],[-97.83881,28.68065],[-97.83873,28.68034],[-97.83874,28.67984],[-97.83868,28.67969],[-97.83872,28.67964],[-97.83855,28.67958],[-97.83842,28.67946],[-97.83829,28.6794],[-97.83811,28.67935],[-97.83788,28.67937],[-97.8377,28.67948],[-97.83758,28.67966],[-97.83755,28.67989],[-97.83758,28.68008],[-97.83759,28.68025],[-97.83755,28.68043],[-97.83744,28.68058],[-97.83735,28.68061],[-97.83727,28.68062],[-97.83705,28.68062],[-97.83669,28.68052],[-97.8364,28.6805],[-97.83634,28.6805],[-97.83631,28.68049],[-97.83611,28.6805],[-97.83609,28.6805],[-97.83573,28.6804],[-97.83558,28.68034],[-97.83549,28.68025],[-97.83542,28.68015],[-97.8354,28.68002],[-97.8354,28.68],[-97.83541,28.6798],[-97.83546,28.67949],[-97.83546,28.67934],[-97.83528,28.6787],[-97.83525,28.67834],[-97.83524,28.67821],[-97.83516,28.67805],[-97.83508,28.67797],[-97.83448,28.67781],[-97.83433,28.6777],[-97.83428,28.67769],[-97.83426,28.67765],[-97.83423,28.67765],[-97.83413,28.67756],[-97.83406,28.67748],[-97.83397,28.6773],[-97.83395,28.67726],[-97.83393,28.67721],[-97.83393,28.67701],[-97.83397,28.67674],[-97.83405,28.67655],[-97.83406,28.67636],[-97.83425,28.67601],[-97.83426,28.67593],[-97.83423,28.67577],[-97.83415,28.67566],[-97.834,28.67559],[-97.83387,28.67566],[-97.8337,28.6757],[-97.83344,28.67562],[-97.8334,28.67559],[-97.83337,28.6756],[-97.83321,28.67552],[-97.83284,28.67546],[-97.83266,28.67549],[-97.83246,28.6755],[-97.83229,28.67554],[-97.83216,28.67562],[-97.83211,28.67563],[-97.83208,28.67567],[-97.83193,28.67572],[-97.83191,28.67574],[-97.8318,28.67578],[-97.83176,28.67582],[-97.83152,28.67589],[-97.83133,28.67602],[-97.83134,28.67623],[-97.83128,28.67645],[-97.83117,28.67662],[-97.83111,28.67679],[-97.83106,28.67686],[-97.83101,28.67721],[-97.8309,28.6776],[-97.83076,28.67774],[-97.83057,28.67792],[-97.83042,28.678],[-97.83025,28.67805],[-97.83012,28.67808],[-97.82989,28.67805],[-97.82969,28.67801],[-97.82955,28.67785],[-97.82939,28.67773],[-97.82923,28.67766],[-97.82919,28.67766],[-97.82914,28.67762],[-97.82909,28.67762],[-97.82908,28.67759],[-97.82901,28.67756],[-97.82887,28.6775],[-97.82849,28.67722],[-97.82833,28.67705],[-97.82811,28.67674],[-97.82791,28.67655],[-97.8278,28.67638],[-97.82769,28.67627],[-97.82766,28.67627],[-97.82762,28.67623],[-97.82752,28.67616],[-97.82728,28.67592],[-97.82725,28.67592],[-97.82713,28.67578],[-97.82698,28.67567],[-97.82662,28.67537],[-97.82647,28.67518],[-97.82642,28.6751],[-97.82625,28.67493],[-97.82606,28.6746],[-97.82598,28.6744],[-97.82584,28.67412],[-97.82572,28.67387],[-97.8257,28.67375],[-97.82562,28.67367],[-97.82557,28.67348],[-97.82571,28.67344],[-97.82607,28.67334],[-97.82611,28.6733],[-97.82622,28.67321],[-97.82632,28.67312],[-97.82635,28.67299],[-97.8264,28.6728],[-97.8264,28.67264],[-97.82634,28.67248],[-97.8262,28.67225],[-97.82613,28.67214],[-97.82609,28.67201],[-97.82607,28.67194],[-97.82604,28.67174],[-97.82601,28.67163],[-97.82595,28.6714],[-97.82592,28.67097],[-97.82585,28.67082],[-97.8257,28.67067],[-97.82561,28.67059],[-97.82532,28.67034],[-97.82485,28.67038],[-97.82344,28.67052],[-97.8232,28.67054],[-97.82297,28.67056],[-97.82289,28.67057],[-97.82284,28.67057],[-97.82268,28.67059],[-97.8226,28.6706],[-97.82185,28.67067],[-97.8196,28.6709],[-97.81909,28.67095],[-97.81885,28.67098],[-97.81787,28.67108],[-97.81502,28.67137],[-97.81493,28.67139],[-97.81395,28.67152],[-97.81326,28.67158],[-97.81121,28.67174],[-97.81052,28.6718],[-97.8101,28.67185],[-97.80934,28.67196],[-97.80885,28.67201],[-97.80844,28.67205],[-97.8058,28.67233],[-97.80541,28.67237],[-97.79788,28.67313],[-97.79524,28.6734],[-97.7952,28.67344],[-97.79491,28.6736],[-97.79476,28.67374],[-97.79469,28.6739],[-97.79466,28.67419],[-97.79459,28.67447],[-97.79446,28.67476],[-97.79445,28.67485],[-97.79441,28.67485],[-97.7943,28.67485],[-97.79416,28.6749],[-97.79411,28.67493],[-97.79404,28.67508],[-97.79399,28.67532],[-97.79389,28.67547],[-97.79385,28.67561],[-97.79366,28.67593],[-97.79353,28.67607],[-97.79332,28.67622],[-97.79324,28.67626],[-97.7931,28.6763],[-97.79295,28.67631],[-97.79265,28.67638],[-97.79237,28.67648],[-97.79227,28.67655],[-97.79211,28.67677],[-97.79189,28.67695],[-97.79181,28.67683],[-97.7915,28.67662],[-97.7899,28.67559],[-97.78977,28.67561],[-97.78969,28.67566],[-97.78967,28.67566],[-97.78953,28.67578],[-97.78945,28.67572],[-97.78931,28.67558],[-97.7892,28.67553],[-97.78902,28.6755],[-97.78868,28.67571],[-97.78862,28.67577],[-97.78847,28.67583],[-97.78833,28.67585],[-97.78801,28.67583],[-97.78786,28.67579],[-97.78755,28.67563],[-97.78745,28.67556],[-97.78718,28.67533],[-97.78706,28.67512],[-97.78695,28.67477],[-97.78694,28.67468],[-97.78698,28.6746],[-97.78705,28.67453],[-97.78714,28.67442],[-97.78715,28.67432],[-97.78715,28.67421],[-97.78713,28.67414],[-97.78706,28.67405],[-97.78698,28.67397],[-97.78691,28.67393],[-97.78683,28.6739],[-97.78662,28.67386],[-97.7865,28.67382],[-97.78637,28.67376],[-97.78632,28.6737],[-97.78627,28.67362],[-97.78626,28.67355],[-97.78629,28.67339],[-97.78624,28.67332],[-97.78618,28.67329],[-97.78592,28.67328],[-97.78566,28.67334],[-97.78557,28.67333],[-97.78551,28.67327],[-97.78544,28.67317],[-97.78525,28.67299],[-97.78518,28.67296],[-97.78498,28.67281],[-97.78496,28.67277],[-97.78496,28.67264],[-97.78505,28.67242],[-97.78512,28.67234],[-97.78525,28.67227],[-97.78518,28.67208],[-97.78513,28.67202],[-97.78504,28.67197],[-97.78481,28.67178],[-97.78478,28.67169],[-97.78474,28.67123],[-97.78468,28.67101],[-97.78465,28.67092],[-97.78458,28.67082],[-97.78449,28.67073],[-97.78425,28.67059],[-97.78387,28.67061],[-97.78369,28.67065],[-97.78363,28.67066],[-97.78319,28.67055],[-97.78318,28.67055],[-97.78294,28.67049],[-97.7826,28.67022],[-97.78248,28.67012],[-97.78199,28.66998],[-97.78194,28.66998],[-97.78178,28.67001],[-97.78137,28.67012],[-97.78121,28.67017],[-97.78117,28.67019],[-97.78115,28.67017],[-97.78063,28.66991],[-97.78037,28.66982],[-97.78009,28.66963],[-97.77984,28.66936],[-97.77968,28.66909],[-97.77945,28.66886],[-97.77861,28.66819],[-97.77853,28.66803],[-97.77575,28.67008],[-97.77323,28.67187],[-97.77138,28.6732],[-97.77011,28.67411],[-97.76884,28.675],[-97.76731,28.67609],[-97.76659,28.67659],[-97.76476,28.6779],[-97.76151,28.68021],[-97.76055,28.6809],[-97.75641,28.68391],[-97.75467,28.68515],[-97.75215,28.68694],[-97.75097,28.68778],[-97.75096,28.68778],[-97.75028,28.68828],[-97.74947,28.68886],[-97.74614,28.69123],[-97.74561,28.69162],[-97.74524,28.69188],[-97.74521,28.6919],[-97.74407,28.69272],[-97.74365,28.69301],[-97.7375,28.69741],[-97.73548,28.69885],[-97.73256,28.70093],[-97.73249,28.70099],[-97.73241,28.70104],[-97.73234,28.70109],[-97.73226,28.70114],[-97.72632,28.70539],[-97.72567,28.70585],[-97.72537,28.70606],[-97.72385,28.70715],[-97.72198,28.70848],[-97.71551,28.7131],[-97.71318,28.71476],[-97.713,28.71489],[-97.71194,28.71565],[-97.71121,28.71616],[-97.70887,28.71784],[-97.70769,28.71869],[-97.70695,28.71927],[-97.70692,28.7193],[-97.70022,28.72403],[-97.69859,28.72519],[-97.69794,28.72565],[-97.69636,28.72677],[-97.69485,28.72784],[-97.69389,28.72851],[-97.6927,28.72934],[-97.69201,28.72984],[-97.68737,28.73316],[-97.68474,28.73501],[-97.68371,28.73575],[-97.681,28.73767],[-97.67678,28.74067],[-97.67353,28.74298],[-97.67338,28.74308],[-97.66729,28.74746],[-97.66325,28.75026],[-97.66029,28.75231],[-97.65516,28.75598],[-97.65387,28.7569],[-97.65379,28.75696],[-97.65368,28.75703],[-97.64383,28.76407],[-97.63899,28.7675],[-97.62712,28.77597],[-97.62533,28.77723],[-97.6237,28.77838],[-97.62353,28.7785],[-97.62312,28.77881],[-97.62181,28.77977],[-97.6202,28.78088],[-97.61653,28.78347],[-97.61421,28.78513],[-97.61127,28.78723],[-97.60668,28.7905],[-97.60436,28.79216],[-97.59039,28.80213],[-97.58854,28.80342],[-97.58718,28.80438],[-97.57666,28.81188],[-97.57506,28.813],[-97.57464,28.8133],[-97.58209,28.8214],[-97.58636,28.826],[-97.58638,28.82602],[-97.59074,28.83075],[-97.59612,28.83654],[-97.59697,28.83745],[-97.59791,28.83854],[-97.59837,28.83891],[-97.59851,28.83905],[-97.59941,28.84003],[-97.59961,28.84025],[-97.60164,28.84239],[-97.60338,28.8443],[-97.60505,28.84614],[-97.60817,28.84953],[-97.60891,28.8503],[-97.61001,28.8515],[-97.61179,28.85341],[-97.61262,28.85429],[-97.61449,28.85631],[-97.62017,28.86244],[-97.62084,28.86314],[-97.62286,28.86526],[-97.62343,28.86593],[-97.62534,28.8679],[-97.62942,28.87229],[-97.63225,28.87528],[-97.6352,28.87837],[-97.63521,28.87839],[-97.64148,28.88512],[-97.64545,28.88939],[-97.64746,28.89153],[-97.64859,28.89275],[-97.65108,28.89543],[-97.6524,28.89685],[-97.65492,28.89955],[-97.65604,28.90075],[-97.65665,28.9014],[-97.65671,28.90147],[-97.65874,28.90366],[-97.66166,28.90679],[-97.66456,28.90991],[-97.66962,28.91535],[-97.67264,28.9186],[-97.67293,28.9189],[-97.67345,28.91946],[-97.67867,28.92508],[-97.68554,28.93246],[-97.6871,28.93414],[-97.69164,28.93903],[-97.69543,28.94311],[-97.69617,28.9439],[-97.70136,28.94946],[-97.70902,28.95768],[-97.71669,28.96587],[-97.72007,28.96951],[-97.72151,28.97105],[-97.72583,28.97566],[-97.72646,28.9763],[-97.72661,28.97652],[-97.73571,28.98625],[-97.73833,28.98906],[-97.73837,28.98911],[-97.73844,28.98918],[-97.73848,28.98922],[-97.73953,28.99036],[-97.74048,28.99138],[-97.74559,28.99685],[-97.7488,29.00025],[-97.74891,29.00038],[-97.75025,29.00184],[-97.75135,29.00306],[-97.75141,29.00313],[-97.75455,29.00662],[-97.7547,29.00679],[-97.75511,29.00711],[-97.75452,29.00755],[-97.75375,29.00812],[-97.75369,29.00813],[-97.7536,29.00819],[-97.75352,29.00826],[-97.75347,29.00832],[-97.75345,29.00835],[-97.75335,29.00842],[-97.75334,29.00842],[-97.75326,29.00848],[-97.75325,29.00849],[-97.75316,29.00855],[-97.75306,29.00861],[-97.75302,29.00865],[-97.75295,29.00869],[-97.75291,29.00872],[-97.7529,29.00873],[-97.75286,29.00876],[-97.75258,29.00895],[-97.75198,29.00936],[-97.74559,29.01354],[-97.73758,29.01947],[-97.7277,29.02679],[-97.72674,29.02749],[-97.7257,29.02827],[-97.72411,29.02945],[-97.71839,29.03369],[-97.71629,29.03523],[-97.71428,29.03672],[-97.70678,29.04225],[-97.70372,29.04451],[-97.70074,29.0467],[-97.69821,29.04855],[-97.6918,29.05325],[-97.68207,29.06039],[-97.6792,29.06251],[-97.67549,29.06521],[-97.67301,29.06686],[-97.67298,29.06688],[-97.67028,29.06888],[-97.66979,29.06923],[-97.66394,29.07341],[-97.66131,29.07528],[-97.65967,29.07657],[-97.6596,29.07662],[-97.65957,29.07664],[-97.65956,29.07665],[-97.65954,29.07667],[-97.65949,29.07671],[-97.65926,29.07688],[-97.65786,29.07796],[-97.65761,29.07814],[-97.65663,29.07885],[-97.65647,29.07897],[-97.65646,29.07898],[-97.65644,29.07899],[-97.65572,29.07951],[-97.65571,29.07952],[-97.6507,29.08324],[-97.64782,29.08538],[-97.64631,29.0865],[-97.64621,29.08658],[-97.63651,29.0938],[-97.63642,29.09385],[-97.63602,29.09407],[-97.6355,29.09445],[-97.63514,29.09472],[-97.6351,29.09475],[-97.63487,29.09492],[-97.63469,29.09505],[-97.63468,29.09506],[-97.63465,29.09508],[-97.63456,29.09514],[-97.63071,29.09799],[-97.63058,29.09809],[-97.63045,29.09819],[-97.63021,29.09836],[-97.62828,29.09924],[-97.62528,29.10061],[-97.62496,29.1008],[-97.62414,29.10143],[-97.62339,29.102],[-97.62092,29.10387],[-97.61771,29.10628],[-97.6177,29.10629],[-97.61314,29.10976],[-97.61366,29.11023],[-97.61389,29.11044],[-97.62144,29.11786],[-97.6253,29.12134],[-97.62589,29.12192],[-97.62701,29.12308],[-97.62912,29.12527],[-97.62968,29.12581],[-97.63542,29.13137],[-97.6397,29.13553],[-97.6407,29.1365],[-97.64075,29.13655],[-97.65916,29.15442],[-97.66043,29.15565],[-97.66413,29.15924],[-97.6642,29.15931],[-97.6706,29.16555],[-97.67151,29.16649],[-97.67243,29.16737],[-97.67753,29.17228],[-97.6776,29.17235],[-97.68795,29.18241],[-97.689,29.18343],[-97.69727,29.19146],[-97.70127,29.19535],[-97.7034,29.19741],[-97.70399,29.19799],[-97.7146,29.2083],[-97.71496,29.20864],[-97.71571,29.20937],[-97.71733,29.21095],[-97.71742,29.21103],[-97.72071,29.21423],[-97.72214,29.21562],[-97.72226,29.21573],[-97.72845,29.22175],[-97.72975,29.22301],[-97.72976,29.22302],[-97.73034,29.22358],[-97.73048,29.22373],[-97.7338,29.22694],[-97.73399,29.22712],[-97.73409,29.22723],[-97.74321,29.23606],[-97.74331,29.23616],[-97.75027,29.2429],[-97.7522,29.24482],[-97.7572,29.24978],[-97.75762,29.25016],[-97.75771,29.25023],[-97.75788,29.25041],[-97.76194,29.25469],[-97.76196,29.2547],[-97.76197,29.25471],[-97.76198,29.25473],[-97.76319,29.256],[-97.76385,29.25669],[-97.76459,29.25745],[-97.76606,29.25902],[-97.76644,29.25943],[-97.767,29.2599],[-97.76884,29.26187],[-97.76921,29.26219],[-97.77109,29.26384],[-97.77134,29.26441],[-97.77179,29.26488],[-97.77251,29.26564],[-97.77281,29.26596],[-97.77331,29.26648],[-97.77486,29.2681],[-97.7799,29.27334],[-97.78072,29.27419],[-97.78263,29.27617],[-97.78436,29.27797],[-97.78761,29.28135],[-97.78765,29.28139],[-97.78961,29.28343],[-97.79207,29.28598],[-97.79253,29.28646],[-97.7926,29.28653],[-97.79261,29.28655],[-97.79265,29.28658],[-97.79334,29.2873],[-97.79461,29.28857],[-97.79475,29.28871],[-97.79674,29.2907],[-97.80905,29.30305],[-97.81317,29.30722],[-97.81605,29.31014],[-97.8161,29.31019],[-97.82078,29.31486],[-97.82664,29.32077],[-97.82915,29.32325],[-97.8297,29.32378],[-97.82972,29.3238],[-97.82978,29.32387],[-97.83041,29.32449],[-97.83052,29.32459],[-97.83062,29.32469],[-97.83078,29.32485],[-97.83239,29.32644],[-97.8342,29.32826],[-97.83428,29.32833],[-97.83457,29.32862],[-97.83493,29.32898],[-97.83517,29.32923],[-97.83879,29.33286],[-97.83901,29.33308],[-97.84008,29.33415],[-97.84339,29.33748],[-97.84928,29.34337],[-97.85022,29.34431],[-97.85246,29.34653],[-97.85324,29.34731],[-97.85572,29.3498],[-97.85879,29.35289],[-97.85818,29.35375],[-97.85558,29.35711],[-97.85507,29.35775],[-97.85505,29.35779],[-97.85503,29.35781],[-97.85502,29.35782],[-97.85497,29.35789],[-97.85478,29.35813],[-97.85457,29.35841],[-97.85198,29.36174],[-97.85191,29.36183],[-97.84899,29.36565],[-97.84587,29.36973],[-97.84397,29.37218],[-97.8416,29.37524],[-97.84039,29.37679],[-97.84035,29.37684],[-97.84013,29.37719],[-97.83755,29.38044],[-97.83424,29.38472],[-97.83282,29.38652],[-97.83228,29.38732],[-97.83212,29.38755],[-97.83108,29.38889],[-97.83102,29.38896],[-97.83087,29.38915],[-97.82966,29.39069],[-97.82963,29.39073],[-97.82934,29.3911],[-97.82919,29.39129],[-97.82906,29.39145],[-97.82681,29.39432],[-97.82678,29.39436],[-97.82641,29.39483],[-97.82561,29.39588],[-97.82549,29.39603],[-97.82546,29.39607],[-97.82537,29.39619],[-97.82535,29.39622],[-97.82505,29.39661],[-97.82498,29.39671],[-97.82496,29.39674],[-97.82495,29.39675],[-97.82493,29.39678],[-97.82489,29.39683],[-97.82477,29.39699],[-97.82475,29.39701],[-97.82469,29.39709],[-97.82467,29.39712],[-97.82374,29.39829],[-97.82278,29.3995],[-97.82177,29.40077],[-97.82043,29.40251],[-97.82035,29.40262],[-97.82031,29.40268],[-97.82015,29.40288],[-97.81994,29.40315],[-97.81988,29.40321],[-97.81974,29.4034],[-97.81893,29.40453],[-97.81891,29.40456],[-97.81884,29.40465],[-97.81625,29.40796],[-97.81616,29.40807],[-97.81608,29.40818],[-97.8145,29.41025],[-97.81313,29.41201],[-97.81281,29.41243],[-97.81191,29.41358],[-97.81156,29.41403],[-97.81146,29.41416],[-97.81067,29.41518],[-97.80956,29.41659],[-97.8093,29.41687],[-97.80745,29.41933],[-97.80661,29.42042],[-97.80495,29.4226],[-97.80474,29.42288],[-97.80462,29.42304],[-97.8039,29.424],[-97.80092,29.42784],[-97.80026,29.42869],[-97.79808,29.4315],[-97.79246,29.43874],[-97.79182,29.43956],[-97.79112,29.44049],[-97.78636,29.44668],[-97.78624,29.44683],[-97.78107,29.45344],[-97.78003,29.45468],[-97.77989,29.45484],[-97.77637,29.45944],[-97.77565,29.46037],[-97.77557,29.46047],[-97.77478,29.46144],[-97.77271,29.46415],[-97.77188,29.46523],[-97.77047,29.46707],[-97.76953,29.46829],[-97.76909,29.46887],[-97.76506,29.47409],[-97.76432,29.47504],[-97.76373,29.47581],[-97.75802,29.48327],[-97.75617,29.48569],[-97.75445,29.48782],[-97.75386,29.48858],[-97.75382,29.48864],[-97.75028,29.49414],[-97.74982,29.49494],[-97.74761,29.49875],[-97.74752,29.4989],[-97.74747,29.49897],[-97.74659,29.50033],[-97.7465,29.50044],[-97.74648,29.50048],[-97.74642,29.50054],[-97.74631,29.50069],[-97.74625,29.50077],[-97.74624,29.50078],[-97.74423,29.50342],[-97.74406,29.50364],[-97.74128,29.50728],[-97.74061,29.50813],[-97.73975,29.50925],[-97.73969,29.50931],[-97.73964,29.50938],[-97.73958,29.50946],[-97.73953,29.50953],[-97.73846,29.51094],[-97.73812,29.51138],[-97.7373,29.51246],[-97.73724,29.51254],[-97.73718,29.51261],[-97.73714,29.51267],[-97.73709,29.51273],[-97.73703,29.51281],[-97.73655,29.51345],[-97.73605,29.5141],[-97.73595,29.51423],[-97.73594,29.51425],[-97.73592,29.51427],[-97.73587,29.51434],[-97.73582,29.51441],[-97.73577,29.51448],[-97.73572,29.51455],[-97.73318,29.51821],[-97.73308,29.51835],[-97.73299,29.51848],[-97.73298,29.51849],[-97.7329,29.51865],[-97.73286,29.51872],[-97.73253,29.51902],[-97.73241,29.51913],[-97.73229,29.51927],[-97.73217,29.5194],[-97.73033,29.52153],[-97.73028,29.5216],[-97.73022,29.52167],[-97.73017,29.52174],[-97.73012,29.52181],[-97.73006,29.52189],[-97.72828,29.5242],[-97.72824,29.52426],[-97.72805,29.5245],[-97.72778,29.52485],[-97.72771,29.52494],[-97.72765,29.52502],[-97.72757,29.52513],[-97.72749,29.52523],[-97.72678,29.52616],[-97.72254,29.53177],[-97.7177,29.53811],[-97.71408,29.54289],[-97.70465,29.55535],[-97.6999,29.56163],[-97.6869,29.57882],[-97.68393,29.58274],[-97.68388,29.58281],[-97.68339,29.58345],[-97.68291,29.58409],[-97.68177,29.58559],[-97.68064,29.58709],[-97.67784,29.59079],[-97.6729,29.59728],[-97.67288,29.5973],[-97.67278,29.59743],[-97.67267,29.59756],[-97.67227,29.59809],[-97.67187,29.59861],[-97.67108,29.59965],[-97.67028,29.60069],[-97.67006,29.60098],[-97.66984,29.60127],[-97.66754,29.60436],[-97.66503,29.60766],[-97.66499,29.60772],[-97.66361,29.60952],[-97.66184,29.61186],[-97.6618,29.61191],[-97.66147,29.61256],[-97.66137,29.61275],[-97.6612,29.61295],[-97.65976,29.61466],[-97.65964,29.61481],[-97.65665,29.61875],[-97.65387,29.62241],[-97.6535,29.62287],[-97.65313,29.62334],[-97.65309,29.62338],[-97.65301,29.62349],[-97.65301,29.62351],[-97.65276,29.62383],[-97.65179,29.62522],[-97.65074,29.62663],[-97.65016,29.62739],[-97.64949,29.62828],[-97.64798,29.63028],[-97.64448,29.63491],[-97.64003,29.6408],[-97.63371,29.64916],[-97.63351,29.64943],[-97.63333,29.64966],[-97.63326,29.64975],[-97.63322,29.64981],[-97.63318,29.64986],[-97.63314,29.64984],[-97.63311,29.64982],[-97.6331,29.64971],[-97.6331,29.64968],[-97.63308,29.64962],[-97.63307,29.64958],[-97.63306,29.64953],[-97.63305,29.64944],[-97.63305,29.6494],[-97.63304,29.64938],[-97.63303,29.64931],[-97.63301,29.64913],[-97.63301,29.64912],[-97.63301,29.6491],[-97.63299,29.64901],[-97.63299,29.649],[-97.63297,29.64888],[-97.63321,29.64856],[-97.63369,29.64836],[-97.63373,29.64834],[-97.63376,29.64833],[-97.63383,29.6483],[-97.63386,29.64828],[-97.63395,29.64821],[-97.63406,29.64811],[-97.6341,29.64808],[-97.6341,29.64791],[-97.6341,29.64771],[-97.63402,29.64763],[-97.634,29.64761],[-97.63388,29.6475],[-97.63375,29.64745],[-97.63373,29.64745],[-97.63328,29.64728],[-97.63317,29.64723],[-97.63305,29.64719],[-97.63273,29.64707],[-97.63257,29.64693],[-97.63244,29.64682],[-97.63214,29.64669],[-97.63207,29.64666],[-97.63202,29.64664],[-97.63199,29.64663],[-97.63197,29.64662],[-97.63195,29.64661],[-97.63171,29.64661],[-97.63117,29.64714],[-97.63103,29.64728],[-97.63069,29.64728],[-97.63065,29.64722],[-97.63037,29.64682],[-97.63037,29.64631],[-97.63042,29.64625],[-97.63048,29.64618],[-97.63082,29.64612],[-97.63086,29.64611],[-97.63087,29.64611],[-97.63099,29.64609],[-97.63111,29.64608],[-97.63115,29.64605],[-97.63115,29.64604],[-97.63119,29.64601],[-97.63124,29.64597],[-97.63124,29.64576],[-97.63113,29.6456],[-97.63094,29.64552],[-97.63077,29.64546],[-97.63067,29.64541],[-97.63057,29.64537],[-97.63047,29.64533],[-97.63029,29.64525],[-97.63025,29.6452],[-97.62998,29.64487],[-97.62997,29.64469],[-97.62995,29.64441],[-97.63016,29.64377],[-97.63018,29.64348],[-97.63019,29.64329],[-97.63019,29.6432],[-97.63019,29.64319],[-97.63015,29.64295],[-97.63011,29.64276],[-97.63008,29.6426],[-97.63004,29.64238],[-97.62962,29.64001],[-97.62953,29.63991],[-97.62951,29.63987],[-97.62943,29.63978],[-97.62937,29.63977],[-97.62933,29.63976],[-97.62932,29.63976],[-97.62922,29.63974],[-97.6292,29.63974],[-97.62911,29.63973],[-97.62901,29.63971],[-97.62884,29.63975],[-97.62881,29.63976],[-97.62876,29.63978],[-97.62874,29.63978],[-97.62857,29.63983],[-97.62818,29.64],[-97.62768,29.64022],[-97.62764,29.64027],[-97.62761,29.64028],[-97.62751,29.64034],[-97.62744,29.64041],[-97.62741,29.64045],[-97.62742,29.6405],[-97.62742,29.64054],[-97.62744,29.64079],[-97.62751,29.64084],[-97.6277,29.64098],[-97.62781,29.64106],[-97.62787,29.64111],[-97.62789,29.64112],[-97.62793,29.64115],[-97.62802,29.64121],[-97.62808,29.64126],[-97.6281,29.64128],[-97.6281,29.64129],[-97.6282,29.64155],[-97.62818,29.64203],[-97.62818,29.64209],[-97.62818,29.64212],[-97.62817,29.6423],[-97.62802,29.64252],[-97.62801,29.64253],[-97.62793,29.64258],[-97.62784,29.64264],[-97.62782,29.64265],[-97.62775,29.64269],[-97.62738,29.64274],[-97.6272,29.64271],[-97.62682,29.64266],[-97.62668,29.64264],[-97.62625,29.64275],[-97.62604,29.6428],[-97.62572,29.64288],[-97.6254,29.64296],[-97.62528,29.64299],[-97.62505,29.64299],[-97.6247,29.64299],[-97.62448,29.64291],[-97.62422,29.64281],[-97.6242,29.6428],[-97.62411,29.64276],[-97.62401,29.64273],[-97.62399,29.64272],[-97.62393,29.64269],[-97.62384,29.64266],[-97.62375,29.64262],[-97.62344,29.64261],[-97.62329,29.64261],[-97.62328,29.64261],[-97.6232,29.6426],[-97.62318,29.6426],[-97.62315,29.6426],[-97.62309,29.64261],[-97.62305,29.64262],[-97.62302,29.64263],[-97.62244,29.64274],[-97.62222,29.64284],[-97.62199,29.64295],[-97.62193,29.64304],[-97.62192,29.64305],[-97.62191,29.64306],[-97.62187,29.64313],[-97.62182,29.6432],[-97.6218,29.64322],[-97.62177,29.64325],[-97.62176,29.64327],[-97.6217,29.64336],[-97.62166,29.64341],[-97.62163,29.64345],[-97.62158,29.64351],[-97.62153,29.64357],[-97.62152,29.6436],[-97.62149,29.64366],[-97.62123,29.64402],[-97.62122,29.64403],[-97.6212,29.64404],[-97.62118,29.64405],[-97.62114,29.64407],[-97.62108,29.64411],[-97.62106,29.64412],[-97.62087,29.64423],[-97.62021,29.64434],[-97.61943,29.64469],[-97.61892,29.64492],[-97.61841,29.64498],[-97.61826,29.645],[-97.6182,29.64501],[-97.61798,29.64504],[-97.61781,29.64506],[-97.6177,29.64507],[-97.61765,29.64508],[-97.61748,29.6451],[-97.61717,29.64503],[-97.61708,29.64495],[-97.61701,29.6449],[-97.61699,29.64488],[-97.61695,29.64482],[-97.61691,29.64478],[-97.61689,29.64472],[-97.61687,29.64466],[-97.61685,29.6446],[-97.61685,29.64419],[-97.61692,29.64405],[-97.61693,29.64403],[-97.61704,29.6438],[-97.61712,29.64364],[-97.61713,29.64362],[-97.61717,29.64354],[-97.61717,29.64336],[-97.61716,29.64318],[-97.61709,29.64305],[-97.61702,29.64295],[-97.61701,29.64292],[-97.61662,29.64227],[-97.6166,29.64224],[-97.61655,29.64215],[-97.61639,29.6419],[-97.61635,29.64181],[-97.61635,29.64179],[-97.61633,29.64166],[-97.6163,29.64146],[-97.61628,29.64133],[-97.61625,29.64111],[-97.61643,29.64071],[-97.61643,29.6407],[-97.6165,29.64055],[-97.61653,29.64047],[-97.61655,29.64024],[-97.61655,29.64023],[-97.61655,29.6402],[-97.61656,29.6401],[-97.61657,29.63998],[-97.61657,29.63993],[-97.61658,29.6399],[-97.61658,29.63983],[-97.61664,29.63966],[-97.61665,29.63965],[-97.61674,29.63942],[-97.61684,29.63932],[-97.61686,29.6393],[-97.61693,29.63924],[-97.61701,29.63915],[-97.61722,29.63894],[-97.61731,29.63886],[-97.61741,29.63875],[-97.6175,29.63866],[-97.61768,29.63843],[-97.6177,29.63841],[-97.61778,29.63831],[-97.61782,29.63826],[-97.61786,29.63821],[-97.61793,29.63811],[-97.61795,29.63809],[-97.61805,29.63797],[-97.61806,29.63796],[-97.61808,29.63793],[-97.61808,29.63766],[-97.61804,29.63758],[-97.61802,29.63755],[-97.61799,29.6375],[-97.61798,29.63748],[-97.61795,29.63741],[-97.61792,29.63736],[-97.61792,29.63732],[-97.61792,29.63729],[-97.61792,29.63723],[-97.6179,29.63701],[-97.6179,29.63689],[-97.6179,29.63688],[-97.61793,29.63681],[-97.61794,29.63681],[-97.618,29.63676],[-97.61803,29.6366],[-97.61816,29.63645],[-97.61817,29.63643],[-97.61821,29.63639],[-97.61839,29.63618],[-97.6186,29.63594],[-97.61861,29.63593],[-97.61868,29.63584],[-97.61872,29.63577],[-97.61873,29.63575],[-97.61884,29.63554],[-97.61884,29.63513],[-97.61882,29.63507],[-97.61881,29.63504],[-97.6188,29.63502],[-97.61876,29.63495],[-97.61869,29.63486],[-97.61846,29.63381],[-97.61841,29.63376],[-97.61823,29.63358],[-97.61817,29.63352],[-97.61811,29.63347],[-97.6181,29.63345],[-97.61805,29.63343],[-97.61796,29.63341],[-97.61784,29.63339],[-97.61761,29.6335],[-97.6175,29.63355],[-97.61668,29.6343],[-97.61652,29.63445],[-97.6164,29.63456],[-97.61624,29.6347],[-97.61597,29.6349],[-97.61549,29.6351],[-97.61521,29.63521],[-97.61518,29.63522],[-97.61502,29.63529],[-97.61435,29.63557],[-97.61401,29.63574],[-97.61399,29.63575],[-97.61367,29.63592],[-97.61273,29.63643],[-97.6126,29.6365],[-97.61243,29.63659],[-97.61189,29.63688],[-97.61164,29.63694],[-97.61097,29.63713],[-97.60983,29.63712],[-97.6098,29.63712],[-97.60978,29.63712],[-97.60964,29.63709],[-97.60948,29.63706],[-97.60934,29.63704],[-97.60927,29.63702],[-97.6092,29.63701],[-97.60911,29.63699],[-97.60903,29.63693],[-97.60896,29.63688],[-97.60861,29.63663],[-97.60848,29.63649],[-97.60842,29.63643],[-97.60824,29.63624],[-97.6082,29.63615],[-97.60819,29.63614],[-97.60795,29.63566],[-97.60779,29.63556],[-97.60777,29.63555],[-97.60772,29.63552],[-97.60768,29.63549],[-97.6076,29.63544],[-97.60756,29.63542],[-97.60753,29.63541],[-97.6075,29.6354],[-97.60722,29.63535],[-97.60636,29.63519],[-97.60623,29.63516],[-97.60618,29.63515],[-97.60616,29.63515],[-97.60612,29.63514],[-97.60585,29.63509],[-97.60579,29.63515],[-97.60573,29.6352],[-97.60563,29.63529],[-97.60543,29.63546],[-97.60524,29.63558],[-97.60491,29.63579],[-97.60486,29.63582],[-97.60478,29.63594],[-97.60477,29.63595],[-97.60467,29.6361],[-97.60467,29.63612],[-97.60467,29.63623],[-97.60466,29.63631],[-97.60466,29.63635],[-97.60466,29.63636],[-97.60465,29.63648],[-97.60509,29.63715],[-97.60525,29.63752],[-97.60532,29.63779],[-97.60541,29.63839],[-97.60543,29.63849],[-97.60544,29.63853],[-97.60551,29.63866],[-97.60559,29.63883],[-97.60634,29.63986],[-97.60643,29.64018],[-97.60643,29.64027],[-97.60637,29.64043],[-97.60594,29.64082],[-97.60592,29.64085],[-97.60588,29.64088],[-97.60585,29.64091],[-97.60564,29.64109],[-97.60549,29.64121],[-97.60542,29.64127],[-97.60528,29.64139],[-97.60507,29.64152],[-97.60486,29.64165],[-97.60462,29.64172],[-97.60461,29.64173],[-97.60443,29.64179],[-97.60418,29.64184],[-97.60393,29.64183],[-97.60391,29.64182],[-97.60387,29.64181],[-97.60373,29.64178],[-97.60351,29.64151],[-97.60349,29.64151],[-97.60308,29.64103],[-97.60296,29.6408],[-97.60265,29.64021],[-97.60238,29.63973],[-97.60228,29.63954],[-97.60179,29.63893],[-97.60134,29.63851],[-97.60118,29.63839],[-97.60106,29.63831],[-97.60033,29.6378],[-97.60003,29.63761],[-97.60001,29.63757],[-97.59999,29.63754],[-97.59991,29.63741],[-97.59977,29.63718],[-97.59973,29.63677],[-97.59972,29.63676],[-97.59972,29.63667],[-97.59978,29.6366],[-97.59979,29.63658],[-97.59982,29.63652],[-97.59987,29.63644],[-97.59994,29.63641],[-97.60023,29.63628],[-97.60031,29.63624],[-97.60061,29.6361],[-97.60066,29.63594],[-97.60037,29.63571],[-97.60033,29.6357],[-97.60023,29.63568],[-97.60012,29.63566],[-97.60003,29.63564],[-97.6,29.63564],[-97.59978,29.63559],[-97.59961,29.63555],[-97.59958,29.63555],[-97.59955,29.63555],[-97.599,29.63543],[-97.59864,29.63516],[-97.59863,29.63515],[-97.59863,29.6351],[-97.59863,29.63508],[-97.59863,29.63507],[-97.59862,29.63505],[-97.59858,29.6345],[-97.59855,29.63439],[-97.59854,29.63436],[-97.59853,29.63431],[-97.59851,29.63421],[-97.59855,29.6339],[-97.59856,29.63384],[-97.59857,29.63375],[-97.59859,29.63365],[-97.59874,29.6334],[-97.59882,29.63332],[-97.59884,29.63331],[-97.59897,29.63319],[-97.59916,29.63301],[-97.59926,29.63293],[-97.59937,29.63288],[-97.59964,29.63273],[-97.59967,29.63271],[-97.59974,29.63266],[-97.59995,29.63236],[-97.59994,29.63203],[-97.59992,29.63168],[-97.59974,29.63135],[-97.59971,29.6313],[-97.5997,29.63129],[-97.59969,29.63126],[-97.59968,29.63125],[-97.59964,29.63117],[-97.59953,29.63112],[-97.59947,29.6311],[-97.59946,29.63109],[-97.59911,29.63092],[-97.59857,29.63084],[-97.59805,29.63076],[-97.59792,29.63076],[-97.59775,29.63072],[-97.5977,29.63074],[-97.59764,29.63078],[-97.5976,29.6308],[-97.59757,29.63081],[-97.59754,29.63083],[-97.59689,29.6312],[-97.59515,29.63218],[-97.59108,29.63448],[-97.58777,29.63635],[-97.58578,29.63748],[-97.58392,29.63853],[-97.57316,29.64444],[-97.5657,29.64854],[-97.56217,29.65048],[-97.56212,29.65051],[-97.55898,29.65224],[-97.55879,29.65234],[-97.55772,29.65293],[-97.55694,29.65336],[-97.55649,29.65361],[-97.55585,29.65396],[-97.5491,29.65767],[-97.54335,29.66083],[-97.54017,29.66257],[-97.53837,29.66356],[-97.53826,29.66363],[-97.53714,29.66424],[-97.53683,29.66441],[-97.53592,29.66491],[-97.53579,29.66498],[-97.53568,29.66504],[-97.53557,29.6651],[-97.53458,29.66565],[-97.53258,29.66674],[-97.53045,29.66792],[-97.52273,29.67216],[-97.51723,29.67519],[-97.51711,29.67525],[-97.51648,29.6756],[-97.51145,29.67837],[-97.51105,29.67858],[-97.50423,29.68234],[-97.50413,29.68239],[-97.50404,29.68244],[-97.49906,29.68517],[-97.49287,29.68857],[-97.48407,29.69341],[-97.47785,29.69683],[-97.47359,29.69917],[-97.47089,29.70065],[-97.45144,29.71135],[-97.43925,29.71806],[-97.4372,29.71919],[-97.43453,29.72065],[-97.4304,29.72292],[-97.42681,29.7249],[-97.42573,29.72549],[-97.42135,29.7279],[-97.41834,29.72955],[-97.41449,29.73167],[-97.40978,29.73425],[-97.39652,29.74154],[-97.39146,29.74433],[-97.3849,29.74795],[-97.38422,29.74832],[-97.38123,29.74995],[-97.38103,29.75005],[-97.38066,29.75022],[-97.3776,29.75186],[-97.37567,29.75288],[-97.37527,29.7531],[-97.37066,29.75566],[-97.3689,29.75663],[-97.36735,29.75748],[-97.36406,29.75929],[-97.35533,29.7641],[-97.35178,29.76605],[-97.34614,29.76913],[-97.34327,29.7707],[-97.34176,29.77152],[-97.34013,29.77241],[-97.33764,29.77377],[-97.3363,29.77452],[-97.33533,29.77505],[-97.3348,29.77535],[-97.33428,29.77564],[-97.33395,29.77582],[-97.33354,29.77604],[-97.32951,29.77828],[-97.3294,29.77834],[-97.32561,29.7804],[-97.3253,29.78057],[-97.32508,29.78069],[-97.32382,29.78139],[-97.32252,29.78211],[-97.32117,29.78285],[-97.32003,29.78348],[-97.3179,29.78465],[-97.3079,29.77704],[-97.29279,29.7655],[-97.28937,29.76289],[-97.28927,29.76282],[-97.28823,29.76202],[-97.28784,29.76173],[-97.28739,29.76139],[-97.27651,29.75313],[-97.27269,29.75023],[-97.27053,29.74901],[-97.27044,29.74896],[-97.27034,29.74888],[-97.27031,29.74886],[-97.25502,29.73729],[-97.25477,29.7371],[-97.25468,29.73702],[-97.25455,29.7369],[-97.25434,29.73675],[-97.25378,29.73633],[-97.25027,29.73373],[-97.2458,29.73028],[-97.24219,29.72759],[-97.23791,29.7244],[-97.23744,29.72405],[-97.23572,29.72276],[-97.23547,29.72258],[-97.2353,29.72245],[-97.23332,29.72108],[-97.23326,29.72104],[-97.23319,29.72097],[-97.23311,29.72093],[-97.23304,29.72088],[-97.22611,29.71563],[-97.22608,29.7156],[-97.22481,29.71464],[-97.22357,29.7137],[-97.22354,29.71368],[-97.21461,29.70697],[-97.21424,29.70669],[-97.21244,29.70533],[-97.212,29.705],[-97.21036,29.70377],[-97.20946,29.70309],[-97.20943,29.70307],[-97.20941,29.70305],[-97.20251,29.69789],[-97.20147,29.69721],[-97.20135,29.69711],[-97.19521,29.69229],[-97.19516,29.69225],[-97.19509,29.6922],[-97.195,29.69213],[-97.19492,29.69207],[-97.19481,29.69198],[-97.19478,29.69196],[-97.19262,29.6903],[-97.19042,29.68862],[-97.18507,29.68457],[-97.18147,29.68167],[-97.17942,29.68013],[-97.17914,29.67992],[-97.17845,29.6794],[-97.17796,29.67903],[-97.17712,29.6784],[-97.1747,29.67658],[-97.1746,29.67651],[-97.17332,29.67555],[-97.1732,29.67546],[-97.16062,29.66609],[-97.16058,29.66606],[-97.16025,29.66581],[-97.16005,29.66566],[-97.16005,29.66566],[-97.16,29.66563],[-97.15968,29.66538],[-97.15968,29.66537],[-97.15964,29.66536],[-97.15959,29.66531],[-97.15943,29.66519],[-97.1589,29.66479],[-97.15883,29.66473],[-97.15664,29.66307],[-97.1537,29.66083],[-97.1535,29.66067],[-97.15257,29.65996],[-97.15173,29.65932],[-97.15051,29.65839],[-97.14962,29.65771],[-97.14669,29.65547],[-97.14555,29.65461],[-97.14015,29.6506],[-97.13952,29.6501],[-97.13625,29.64766],[-97.13624,29.64758],[-97.13623,29.6475],[-97.13612,29.64743],[-97.1358,29.64724],[-97.13555,29.64709],[-97.13514,29.64684],[-97.13487,29.64667],[-97.13456,29.64648],[-97.13425,29.6463],[-97.13345,29.6458],[-97.13119,29.64376],[-97.1309,29.64355],[-97.13071,29.64343],[-97.13052,29.64329],[-97.13087,29.64288],[-97.13128,29.64238],[-97.13212,29.64139],[-97.13313,29.64018],[-97.13429,29.6388],[-97.13577,29.63702],[-97.13705,29.6355],[-97.13771,29.63471],[-97.1408,29.63102],[-97.14326,29.62809],[-97.14265,29.6281],[-97.14181,29.62812],[-97.14176,29.62812],[-97.14143,29.62812],[-97.13051,29.62832],[-97.13043,29.62832],[-97.12815,29.62837],[-97.12561,29.62841],[-97.12527,29.62842],[-97.12394,29.62842],[-97.12386,29.62841],[-97.12209,29.62838],[-97.10714,29.62866],[-97.10712,29.62866],[-97.10606,29.62868],[-97.09886,29.62881],[-97.08609,29.62909],[-97.08501,29.62911],[-97.08435,29.62913],[-97.08197,29.62918],[-97.08146,29.62919],[-97.08143,29.62919],[-97.07989,29.62921],[-97.07658,29.62924],[-97.07651,29.62923],[-97.07646,29.62924],[-97.07152,29.6293],[-97.05889,29.62944],[-97.05671,29.62947],[-97.05665,29.62947],[-97.05656,29.62947],[-97.04942,29.62955],[-97.04939,29.62955],[-97.04908,29.62956],[-97.04903,29.62956],[-97.04839,29.62958],[-97.04834,29.62959],[-97.0479,29.6296],[-97.04759,29.62961],[-97.04744,29.62961],[-97.04721,29.62962],[-97.0472,29.62962],[-97.04717,29.62962],[-97.04671,29.62964],[-97.04607,29.62966],[-97.04525,29.62972],[-97.04269,29.62991],[-97.04267,29.62991],[-97.04149,29.62995],[-97.03948,29.63002],[-97.03349,29.63002],[-97.02924,29.6301],[-97.0276,29.63011],[-97.02106,29.63015],[-97.02093,29.63015],[-97.02079,29.63016],[-97.02077,29.63016],[-97.0172,29.63026],[-97.01715,29.63026],[-97.0171,29.63027],[-97.00921,29.63051],[-97.00917,29.63051],[-97.00762,29.63054],[-97.00576,29.6306],[-97.00383,29.63067],[-97.00234,29.63072],[-97.00219,29.63072],[-97.0012,29.63074],[-97.00028,29.63079],[-96.99632,29.63104],[-96.99629,29.63105],[-96.99569,29.63106],[-96.99513,29.63108],[-96.99442,29.63108],[-96.99424,29.63108],[-96.99386,29.63106],[-96.99325,29.63102],[-96.99256,29.63103],[-96.99187,29.63105],[-96.99109,29.63106],[-96.99021,29.63106],[-96.98885,29.63108],[-96.98779,29.6311],[-96.98672,29.63112],[-96.98561,29.63113],[-96.98505,29.63114],[-96.98428,29.63114],[-96.98348,29.63116],[-96.98321,29.63117],[-96.9821,29.63118],[-96.98071,29.63121],[-96.97976,29.63122],[-96.97816,29.63124],[-96.97773,29.63125],[-96.97575,29.63128],[-96.97462,29.6313],[-96.97387,29.63132],[-96.97359,29.63132],[-96.97087,29.63135],[-96.96931,29.63138],[-96.96753,29.63141],[-96.96603,29.63144],[-96.96569,29.63145],[-96.96392,29.63149],[-96.96364,29.6315],[-96.96295,29.6315],[-96.95922,29.6315],[-96.95706,29.63151],[-96.95646,29.6315],[-96.95599,29.63149],[-96.95504,29.63148],[-96.95492,29.63147],[-96.95489,29.63147],[-96.95418,29.63146],[-96.95363,29.63141],[-96.95353,29.63141],[-96.95337,29.63142],[-96.95312,29.63143],[-96.95267,29.63144],[-96.95244,29.63145],[-96.95231,29.63145],[-96.95197,29.63147],[-96.95116,29.63152],[-96.95086,29.63153],[-96.95083,29.63155],[-96.95007,29.63157],[-96.94942,29.63159],[-96.94744,29.63161],[-96.94638,29.63163],[-96.94361,29.63168],[-96.94222,29.6317],[-96.93998,29.63173],[-96.93922,29.63174],[-96.93769,29.63177],[-96.93691,29.63178],[-96.93603,29.6318],[-96.9353,29.63181],[-96.93399,29.63183],[-96.93359,29.63184],[-96.93339,29.63186],[-96.93227,29.63189],[-96.93162,29.6319],[-96.93061,29.63194],[-96.93052,29.63192],[-96.92988,29.63193],[-96.92915,29.63195],[-96.92722,29.63198],[-96.92716,29.63197],[-96.92712,29.63195],[-96.92708,29.63193],[-96.92705,29.63188],[-96.92703,29.63186],[-96.92702,29.63184],[-96.92701,29.63182],[-96.927,29.6318],[-96.92699,29.63174],[-96.92699,29.63172],[-96.92699,29.63168],[-96.92694,29.63168],[-96.92691,29.63168],[-96.92682,29.63168],[-96.92652,29.63168],[-96.92616,29.63169],[-96.91007,29.63209],[-96.9067,29.6322],[-96.90542,29.63219],[-96.9054,29.6322],[-96.90145,29.63231],[-96.90134,29.63237],[-96.90121,29.63231],[-96.89844,29.63229],[-96.89769,29.63229],[-96.89742,29.6323],[-96.89554,29.63232],[-96.89533,29.63232],[-96.8953,29.63232],[-96.89483,29.63233],[-96.89,29.63234],[-96.88704,29.63236],[-96.88603,29.63238],[-96.8843,29.63243],[-96.88321,29.63247],[-96.881,29.63252],[-96.88043,29.63255],[-96.8798,29.63258],[-96.87929,29.6326],[-96.87863,29.63262],[-96.87847,29.63262],[-96.87834,29.63263],[-96.87831,29.63263],[-96.87723,29.63263],[-96.8772,29.63263],[-96.87717,29.63263],[-96.87525,29.63264],[-96.87423,29.6327],[-96.865,29.6327],[-96.86547,29.63222],[-96.86553,29.63213],[-96.86558,29.63202],[-96.86561,29.63176],[-96.86568,29.63154],[-96.86584,29.63124],[-96.86588,29.63112],[-96.86596,29.63085],[-96.86598,29.63072],[-96.86597,29.63062],[-96.86586,29.63042],[-96.86576,29.63031],[-96.86557,29.63015],[-96.86532,29.63008],[-96.86465,29.63],[-96.8643,29.62983],[-96.86413,29.62978],[-96.86404,29.62977],[-96.86393,29.62977],[-96.86353,29.62982],[-96.86309,29.62981],[-96.863,29.62979],[-96.86289,29.62974],[-96.86287,29.62972],[-96.86281,29.62962],[-96.86276,29.62943],[-96.86276,29.6293],[-96.86277,29.62917],[-96.86284,29.62906],[-96.86298,29.62875],[-96.86304,29.62857],[-96.86307,29.62847],[-96.86309,29.62833],[-96.86306,29.62828],[-96.8629,29.62818],[-96.86257,29.62808],[-96.8623,29.62796],[-96.86199,29.62774],[-96.86177,29.62761],[-96.86153,29.62748],[-96.86118,29.62734],[-96.86104,29.6273],[-96.86079,29.6272],[-96.86009,29.627],[-96.85976,29.62687],[-96.85954,29.62685],[-96.85942,29.62685],[-96.8593,29.62682],[-96.85915,29.62677],[-96.85908,29.62672],[-96.85905,29.62668],[-96.85898,29.6265],[-96.85897,29.62638],[-96.85898,29.62625],[-96.85911,29.62555],[-96.85922,29.62499],[-96.85925,29.62459],[-96.8592,29.62444],[-96.85915,29.62437],[-96.85861,29.62407],[-96.85839,29.62393],[-96.85818,29.62378],[-96.85803,29.62364],[-96.85786,29.62353],[-96.85768,29.62343],[-96.85734,29.62331],[-96.85714,29.62321],[-96.85705,29.62318],[-96.85688,29.62316],[-96.85594,29.6231],[-96.85533,29.62304],[-96.85497,29.62304],[-96.85465,29.62303],[-96.85458,29.62302],[-96.85435,29.62288],[-96.85428,29.62282],[-96.85412,29.62264],[-96.85394,29.62247],[-96.85388,29.62244],[-96.85382,29.62244],[-96.8535,29.62235],[-96.85319,29.62225],[-96.85307,29.6222],[-96.85295,29.62213],[-96.85283,29.62203],[-96.85278,29.622],[-96.8527,29.62198],[-96.85239,29.62196],[-96.85218,29.62192],[-96.85129,29.62165],[-96.85114,29.62156],[-96.85099,29.62151],[-96.85049,29.62142],[-96.85041,29.62139],[-96.84986,29.62133],[-96.84954,29.62128],[-96.84925,29.62122],[-96.84868,29.62112],[-96.8484,29.62105],[-96.84811,29.62099],[-96.84803,29.62097],[-96.84782,29.62088],[-96.84761,29.62076],[-96.84749,29.62067],[-96.8473,29.62049],[-96.84728,29.62044],[-96.84724,29.62032],[-96.84725,29.62017],[-96.84742,29.61992],[-96.84751,29.61984],[-96.84765,29.61974],[-96.84784,29.61957],[-96.84789,29.61954],[-96.84797,29.6195],[-96.84824,29.61944],[-96.84832,29.61941],[-96.84843,29.61936],[-96.84854,29.61927],[-96.84859,29.6192],[-96.84863,29.61916],[-96.84885,29.61904],[-96.84896,29.61891],[-96.849,29.61878],[-96.84901,29.61873],[-96.84891,29.61843],[-96.84887,29.61836],[-96.84871,29.61818],[-96.84866,29.61813],[-96.84843,29.61805],[-96.84837,29.618],[-96.84811,29.61772],[-96.84799,29.61762],[-96.84779,29.61741],[-96.84761,29.61727],[-96.84753,29.61718],[-96.84735,29.61706],[-96.84725,29.61703],[-96.84714,29.61702],[-96.84704,29.617],[-96.84675,29.61697],[-96.84663,29.61692],[-96.84651,29.61685],[-96.84631,29.61665],[-96.84622,29.61661],[-96.84611,29.61659],[-96.84597,29.61661],[-96.84571,29.61667],[-96.84557,29.61674],[-96.84515,29.61688],[-96.84512,29.61689],[-96.8451,29.6169],[-96.84499,29.61691],[-96.84476,29.6169],[-96.8445,29.61689],[-96.84436,29.61685],[-96.8442,29.61681],[-96.84374,29.61675],[-96.84363,29.61674],[-96.84351,29.61672],[-96.84322,29.61662],[-96.84312,29.61656],[-96.84299,29.61641],[-96.84286,29.61608],[-96.84302,29.61548],[-96.84308,29.6153],[-96.84312,29.61524],[-96.84312,29.61516],[-96.8431,29.61507],[-96.8431,29.61501],[-96.84311,29.61494],[-96.84313,29.6149],[-96.84313,29.61485],[-96.8431,29.61475],[-96.84296,29.61453],[-96.84288,29.61443],[-96.84275,29.61426],[-96.84266,29.61418],[-96.84257,29.61412],[-96.84242,29.61397],[-96.84238,29.61389],[-96.84235,29.6138],[-96.84234,29.61361],[-96.84237,29.61324],[-96.84236,29.61309],[-96.84234,29.613],[-96.84234,29.61282],[-96.84239,29.61272],[-96.8425,29.61256],[-96.84264,29.61235],[-96.84278,29.61222],[-96.84289,29.61209],[-96.84299,29.612],[-96.84308,29.61181],[-96.84357,29.61105],[-96.84364,29.61092],[-96.84378,29.61057],[-96.84396,29.61024],[-96.84401,29.61004],[-96.84408,29.60987],[-96.8442,29.60971],[-96.8443,29.60933],[-96.84431,29.60919],[-96.8443,29.60912],[-96.84428,29.60904],[-96.84427,29.60899],[-96.84425,29.60894],[-96.8442,29.60889],[-96.84413,29.60883],[-96.84407,29.60881],[-96.844,29.6088],[-96.84362,29.60879],[-96.84355,29.60878],[-96.84347,29.60875],[-96.84332,29.60868],[-96.84286,29.60832],[-96.84258,29.60808],[-96.84245,29.608],[-96.84228,29.60793],[-96.84206,29.60786],[-96.84156,29.60779],[-96.84144,29.60775],[-96.84126,29.60764],[-96.84121,29.60759],[-96.84111,29.60743],[-96.84106,29.60725],[-96.84096,29.60701],[-96.8407,29.60652],[-96.84062,29.60632],[-96.84053,29.60592],[-96.8405,29.60576],[-96.84051,29.60571],[-96.8405,29.6055],[-96.84048,29.60543],[-96.8404,29.60527],[-96.84036,29.60522],[-96.84028,29.60519],[-96.8402,29.60517],[-96.83984,29.60521],[-96.83972,29.60521],[-96.83963,29.6052],[-96.83951,29.60517],[-96.83935,29.60509],[-96.83929,29.60504],[-96.83926,29.60499],[-96.83924,29.60492],[-96.83917,29.6047],[-96.83895,29.60431],[-96.83891,29.60426],[-96.83886,29.60423],[-96.83868,29.60415],[-96.83823,29.60399],[-96.83799,29.60384],[-96.83793,29.60379],[-96.83781,29.60359],[-96.83779,29.60348],[-96.83777,29.60342],[-96.83776,29.60333],[-96.83778,29.60306],[-96.83779,29.60297],[-96.83783,29.60288],[-96.83783,29.60267],[-96.83785,29.60257],[-96.83784,29.60248],[-96.83779,29.60228],[-96.83766,29.60199],[-96.83762,29.60177],[-96.83764,29.601],[-96.8377,29.60068],[-96.83768,29.6006],[-96.83764,29.60053],[-96.83763,29.60045],[-96.83757,29.60029],[-96.83751,29.60023],[-96.83736,29.60012],[-96.83725,29.60006],[-96.83712,29.59995],[-96.83697,29.59977],[-96.83694,29.59971],[-96.83693,29.59962],[-96.83696,29.59943],[-96.83703,29.59934],[-96.83712,29.59924],[-96.83716,29.59914],[-96.83715,29.59898],[-96.8371,29.59878],[-96.83702,29.59866],[-96.83695,29.59861],[-96.83688,29.59857],[-96.83662,29.59853],[-96.83632,29.59852],[-96.83612,29.59848],[-96.83594,29.59841],[-96.83586,29.59835],[-96.83556,29.59804],[-96.83532,29.59782],[-96.83513,29.5977],[-96.83459,29.59733],[-96.83428,29.59699],[-96.8342,29.59686],[-96.83414,29.59679],[-96.83397,29.5966],[-96.8337,29.59627],[-96.83338,29.59598],[-96.83333,29.5959],[-96.8333,29.59581],[-96.83329,29.59572],[-96.83333,29.59542],[-96.83337,29.59529],[-96.83347,29.59513],[-96.83352,29.59502],[-96.83359,29.59495],[-96.83405,29.59459],[-96.83461,29.59405],[-96.83481,29.59389],[-96.83492,29.59378],[-96.83537,29.59339],[-96.83552,29.59325],[-96.83567,29.59301],[-96.83572,29.5929],[-96.83577,29.59277],[-96.83579,29.59267],[-96.8358,29.59254],[-96.83579,29.59183],[-96.83588,29.59158],[-96.83591,29.59147],[-96.83596,29.59136],[-96.83601,29.59125],[-96.83604,29.59089],[-96.83604,29.5906],[-96.83604,29.59045],[-96.83608,29.59014],[-96.8361,29.58966],[-96.83621,29.58902],[-96.83631,29.58855],[-96.83637,29.58841],[-96.8365,29.58816],[-96.83661,29.58805],[-96.83682,29.58777],[-96.83714,29.5875],[-96.83732,29.58736],[-96.83748,29.58725],[-96.83781,29.58709],[-96.83809,29.58692],[-96.8383,29.58676],[-96.83882,29.58632],[-96.83895,29.58616],[-96.83901,29.58604],[-96.83911,29.58577],[-96.83922,29.58554],[-96.83926,29.58541],[-96.83929,29.58524],[-96.83928,29.58495],[-96.83921,29.58463],[-96.83909,29.5844],[-96.83904,29.58419],[-96.83903,29.58409],[-96.83901,29.584],[-96.83893,29.58382],[-96.83888,29.58358],[-96.83883,29.58344],[-96.83878,29.58316],[-96.83875,29.58304],[-96.83858,29.58274],[-96.83835,29.58247],[-96.83822,29.58234],[-96.83809,29.58222],[-96.83797,29.5821],[-96.83765,29.58188],[-96.83728,29.58154],[-96.83718,29.58146],[-96.83709,29.58138],[-96.837,29.58132],[-96.83653,29.5809],[-96.83643,29.58085],[-96.83619,29.58079],[-96.83604,29.58075],[-96.83575,29.58063],[-96.8356,29.58054],[-96.83546,29.58042],[-96.83518,29.58022],[-96.8348,29.57993],[-96.83446,29.57957],[-96.83436,29.57945],[-96.83417,29.5792],[-96.83399,29.57894],[-96.83331,29.57813],[-96.83318,29.57794],[-96.83309,29.57767],[-96.83307,29.57753],[-96.83307,29.57743],[-96.83304,29.57728],[-96.83304,29.57727],[-96.83289,29.57695],[-96.83282,29.57686],[-96.82808,29.57689],[-96.82796,29.5769],[-96.82239,29.57693],[-96.81669,29.57697],[-96.81605,29.57697],[-96.81541,29.57697],[-96.81343,29.57699],[-96.81255,29.57702],[-96.81168,29.57705],[-96.81053,29.57709],[-96.80941,29.57712],[-96.80939,29.57713],[-96.80918,29.57712],[-96.8091,29.57712],[-96.80885,29.57711],[-96.8088,29.57711],[-96.80841,29.57712],[-96.80148,29.57727],[-96.8013,29.57727],[-96.79912,29.57731],[-96.79784,29.57733],[-96.79727,29.57732],[-96.79465,29.57736],[-96.79314,29.57737],[-96.79299,29.57722],[-96.78623,29.5702],[-96.78135,29.56513],[-96.77949,29.56319],[-96.77644,29.56001],[-96.77338,29.55684],[-96.76979,29.55311],[-96.7662,29.54938],[-96.76549,29.54864],[-96.76479,29.54791],[-96.76433,29.54743],[-96.76425,29.54736],[-96.76364,29.54671],[-96.76129,29.54427],[-96.76037,29.54331],[-96.76021,29.54315],[-96.75929,29.54219],[-96.75821,29.54107],[-96.7578,29.54065],[-96.75359,29.53627],[-96.75026,29.53281],[-96.74991,29.53244],[-96.74872,29.53119],[-96.74753,29.52995],[-96.74535,29.52765],[-96.74316,29.52535],[-96.74304,29.52523],[-96.74293,29.52511],[-96.74094,29.52304],[-96.73897,29.52096],[-96.73871,29.52068],[-96.73543,29.51725],[-96.73425,29.51601],[-96.73037,29.51194],[-96.72838,29.50985],[-96.7256,29.50693],[-96.72349,29.50472],[-96.71921,29.50024],[-96.71836,29.49936],[-96.71399,29.49487],[-96.70969,29.49045],[-96.70936,29.49011],[-96.70896,29.4897],[-96.70853,29.48928],[-96.70688,29.48756],[-96.70616,29.48669],[-96.70581,29.48627],[-96.70514,29.48546],[-96.70444,29.48473],[-96.70441,29.48469],[-96.70434,29.48462],[-96.70426,29.48453],[-96.70411,29.48437],[-96.70385,29.4841],[-96.70362,29.4838],[-96.70332,29.48349],[-96.70331,29.48348],[-96.70315,29.48331],[-96.69827,29.4782],[-96.69709,29.47696],[-96.69285,29.47229],[-96.69234,29.47172],[-96.69106,29.47032],[-96.68892,29.46796],[-96.68759,29.46649],[-96.6833,29.46217],[-96.68312,29.46198],[-96.68067,29.45951],[-96.68054,29.45937],[-96.68048,29.45932],[-96.67983,29.45866],[-96.67919,29.458],[-96.67911,29.45793],[-96.67906,29.45787],[-96.67744,29.45624],[-96.67736,29.45615],[-96.67729,29.45608],[-96.67721,29.456],[-96.67615,29.45493],[-96.67509,29.45386],[-96.67504,29.45381],[-96.675,29.45376],[-96.6749,29.45367],[-96.67359,29.45231],[-96.67285,29.45154],[-96.67211,29.45077],[-96.67185,29.4505],[-96.67179,29.45044],[-96.67174,29.45039],[-96.67155,29.45019],[-96.67136,29.44999],[-96.67066,29.44926],[-96.67003,29.44861],[-96.66996,29.44853],[-96.66984,29.44841],[-96.66974,29.44831],[-96.66387,29.44223],[-96.66375,29.44211],[-96.66364,29.44199],[-96.66354,29.44189],[-96.66344,29.44178],[-96.65567,29.43376],[-96.64791,29.42573],[-96.64724,29.42504],[-96.64466,29.4224],[-96.64455,29.42229],[-96.64445,29.42218],[-96.64437,29.42209],[-96.64428,29.42201],[-96.64416,29.42189],[-96.64405,29.42176],[-96.64234,29.42002],[-96.64225,29.41992],[-96.6419,29.41956],[-96.63859,29.4162],[-96.63303,29.41057],[-96.62747,29.40494],[-96.62526,29.40269],[-96.62155,29.39878],[-96.62151,29.39873],[-96.62146,29.39868],[-96.62141,29.39863],[-96.62135,29.39857],[-96.61659,29.39365],[-96.60829,29.38508],[-96.60828,29.38506],[-96.60424,29.38095],[-96.60421,29.38092],[-96.60408,29.3808],[-96.60126,29.37785],[-96.60072,29.37728],[-96.59873,29.37519],[-96.59392,29.37011],[-96.59389,29.37007],[-96.59374,29.36991],[-96.59359,29.36973],[-96.59357,29.36972],[-96.59348,29.36962],[-96.59339,29.36953],[-96.59329,29.36942],[-96.59318,29.36931],[-96.59309,29.3692],[-96.59273,29.36882],[-96.58646,29.36231],[-96.5783,29.35385],[-96.57817,29.35371],[-96.57804,29.35357],[-96.57651,29.35199],[-96.57532,29.35075],[-96.56056,29.33544],[-96.56398,29.3329],[-96.56405,29.33285],[-96.56657,29.331],[-96.57074,29.32794],[-96.57077,29.32792],[-96.57319,29.32614],[-96.577,29.32333],[-96.57707,29.32328],[-96.58877,29.31467],[-96.58881,29.31464],[-96.58894,29.31455],[-96.59522,29.30992],[-96.59536,29.30982],[-96.59807,29.30783],[-96.60666,29.30151],[-96.60691,29.30132],[-96.60865,29.30004],[-96.61495,29.29541],[-96.61533,29.29513],[-96.61705,29.29387],[-96.61714,29.2938],[-96.62529,29.28814],[-96.62706,29.2868],[-96.62894,29.28542],[-96.63038,29.28438],[-96.63134,29.28365],[-96.63227,29.28297],[-96.63275,29.28261],[-96.6356,29.28053],[-96.64031,29.2771],[-96.64339,29.27486],[-96.64347,29.2748],[-96.64932,29.27054],[-96.65612,29.26559],[-96.65847,29.26387],[-96.66267,29.26081],[-96.67186,29.25412],[-96.67717,29.25025],[-96.67842,29.24938],[-96.67907,29.24892],[-96.68447,29.24508],[-96.68515,29.2446],[-96.68551,29.24435],[-96.68613,29.24391],[-96.69778,29.23563],[-96.72495,29.21633],[-96.73043,29.21244],[-96.74155,29.20454],[-96.75026,29.19845],[-96.75582,29.1945],[-96.76123,29.19066],[-96.76318,29.18928],[-96.76522,29.18786],[-96.77738,29.17925],[-96.77851,29.17846],[-96.78012,29.17732],[-96.7882,29.17163],[-96.8006,29.16287],[-96.80121,29.16243],[-96.80415,29.16035],[-96.81188,29.15489],[-96.82601,29.1449],[-96.83117,29.14126],[-96.8372,29.137],[-96.84756,29.12968],[-96.85293,29.12588],[-96.85382,29.12525],[-96.86405,29.11797],[-96.8678,29.11532],[-96.87103,29.11302],[-96.87526,29.11006],[-96.87945,29.10702],[-96.88065,29.10615],[-96.8843,29.1035],[-96.88545,29.10263],[-96.88811,29.10054],[-96.8907,29.09867],[-96.89155,29.09804],[-96.8935,29.09661],[-96.89383,29.09637],[-96.90177,29.09051],[-96.90186,29.09045],[-96.90404,29.08883],[-96.91213,29.08285],[-96.91392,29.08153],[-96.93504,29.06587],[-96.93859,29.06324],[-96.93867,29.06333],[-96.94695,29.07223],[-96.94734,29.07271],[-96.94796,29.07333],[-96.95239,29.07814],[-96.96129,29.08775],[-96.96264,29.08921],[-96.96271,29.08928],[-96.97182,29.09912],[-96.97638,29.10404],[-96.97856,29.1025],[-96.97943,29.10188],[-96.98698,29.09629],[-96.98728,29.09607],[-96.99168,29.09284],[-96.99245,29.09227],[-96.99314,29.09172],[-96.99372,29.0913],[-96.9939,29.09116],[-96.99403,29.09106],[-96.99616,29.08957],[-96.99852,29.08791],[-97.00027,29.08665],[-97.00399,29.08384],[-97.01148,29.07841],[-97.01161,29.07825],[-97.01722,29.07426],[-97.0179,29.07367],[-97.01827,29.07346],[-97.0184,29.07328],[-97.01843,29.07313],[-97.01843,29.07311],[-97.02235,29.0703],[-97.02477,29.06858],[-97.02551,29.06806],[-97.02566,29.06795],[-97.02569,29.06798],[-97.02577,29.06805],[-97.02584,29.06809],[-97.02593,29.06811],[-97.02602,29.06809],[-97.02611,29.06805],[-97.02621,29.06798],[-97.02622,29.06798],[-97.02636,29.06787],[-97.02638,29.06786],[-97.02644,29.06793],[-97.02645,29.06794],[-97.02648,29.06798],[-97.02702,29.06857],[-97.02808,29.06793],[-97.03135,29.06563],[-97.03319,29.06433],[-97.03856,29.06039],[-97.04896,29.05277],[-97.04907,29.05268],[-97.05585,29.04769],[-97.05797,29.04615],[-97.06958,29.03764],[-97.07457,29.03399],[-97.07768,29.03173],[-97.07916,29.03065],[-97.07993,29.03009],[-97.08294,29.02789],[-97.08332,29.02761],[-97.088,29.02415],[-97.09474,29.01916],[-97.09855,29.01634],[-97.10256,29.01341],[-97.10683,29.0103],[-97.10758,29.00976],[-97.11543,29.00416],[-97.11604,29.00367],[-97.11614,29.0036],[-97.11619,29.00355],[-97.11625,29.0035],[-97.11642,29.00337],[-97.12071,29.00026],[-97.1208,29.00015],[-97.12474,28.99709],[-97.12507,28.99682],[-97.12527,28.99667],[-97.14055,28.98552],[-97.14444,28.98268],[-97.14907,28.97931],[-97.14958,28.97893],[-97.15001,28.97862],[-97.15314,28.97633],[-97.15316,28.97632],[-97.15317,28.97631],[-97.15321,28.97628],[-97.15801,28.97278],[-97.16055,28.97093],[-97.1827,28.95477],[-97.18606,28.95232],[-97.18672,28.95185],[-97.19131,28.94849],[-97.19964,28.94238],[-97.20716,28.93688],[-97.20782,28.93639],[-97.21015,28.93469],[-97.21224,28.93316],[-97.2149,28.93121],[-97.21658,28.92998],[-97.22742,28.92205],[-97.24029,28.91263],[-97.24773,28.90718],[-97.25027,28.90531],[-97.25058,28.90508],[-97.25544,28.90145],[-97.25591,28.90109],[-97.26434,28.89482],[-97.27173,28.88929],[-97.27818,28.88448],[-97.27818,28.88448],[-97.28493,28.87947],[-97.29059,28.87526],[-97.29202,28.87431],[-97.2924,28.87403],[-97.29379,28.87299],[-97.29452,28.87244],[-97.29453,28.87243],[-97.29572,28.87156],[-97.29606,28.87131],[-97.29607,28.8713],[-97.2961,28.87128],[-97.29708,28.87058],[-97.30017,28.86831],[-97.30214,28.86686],[-97.30592,28.86404],[-97.30475,28.86345],[-97.3034,28.86327],[-97.30158,28.86276],[-97.29947,28.86235],[-97.29858,28.86196],[-97.29861,28.86187],[-97.29824,28.86155],[-97.29775,28.86086],[-97.29759,28.86047],[-97.29757,28.86003],[-97.2977,28.85942],[-97.29825,28.85825],[-97.29882,28.85758],[-97.29947,28.85698],[-97.2997,28.85676],[-97.29957,28.85563],[-97.29909,28.85536],[-97.29851,28.85502],[-97.29832,28.85474],[-97.2977,28.8541],[-97.2977,28.85364],[-97.29817,28.85288],[-97.29864,28.85243],[-97.29947,28.85204],[-97.30033,28.85176],[-97.30288,28.85153],[-97.30421,28.85135],[-97.30447,28.85119],[-97.30459,28.85105],[-97.30488,28.85073],[-97.30486,28.84997],[-97.30475,28.84958],[-97.30462,28.84736],[-97.30423,28.84679],[-97.30408,28.8467],[-97.30384,28.84603],[-97.3034,28.84537],[-97.30306,28.84507],[-97.30246,28.84477],[-97.30157,28.84459],[-97.30135,28.84454],[-97.30116,28.84445],[-97.30051,28.84411],[-97.29937,28.84431],[-97.29848,28.84467],[-97.29705,28.84525],[-97.29603,28.84578],[-97.29437,28.84705],[-97.29426,28.84713],[-97.29354,28.84743],[-97.2932,28.84741],[-97.29244,28.84705],[-97.28976,28.8458],[-97.28955,28.84574],[-97.28872,28.8455],[-97.28846,28.84539],[-97.28791,28.84516],[-97.28734,28.84504],[-97.28682,28.84511],[-97.28638,28.84539],[-97.28628,28.84551],[-97.2862,28.8456],[-97.28617,28.84564],[-97.28422,28.84699],[-97.28382,28.847],[-97.28317,28.8471],[-97.28104,28.84743],[-97.27719,28.84708],[-97.27466,28.84713],[-97.27141,28.8474],[-97.27058,28.84763],[-97.2705,28.84772],[-97.26914,28.84802],[-97.26877,28.84814],[-97.26706,28.84868],[-97.26631,28.84864],[-97.2657,28.84851],[-97.26274,28.84788],[-97.26188,28.84779],[-97.26027,28.84719],[-97.25949,28.84726],[-97.25873,28.84762],[-97.25713,28.84808],[-97.25595,28.84843],[-97.25561,28.84863],[-97.2553,28.84923],[-97.2552,28.84987],[-97.2551,28.85052],[-97.25501,28.85113],[-97.25483,28.85161],[-97.2549,28.85301],[-97.25498,28.85321],[-97.25513,28.8553],[-97.25516,28.85571],[-97.25487,28.85656],[-97.25446,28.85727],[-97.25407,28.85755],[-97.25333,28.85769],[-97.2523,28.85789],[-97.25152,28.85782],[-97.25027,28.85753],[-97.24824,28.85695],[-97.24715,28.85659],[-97.24272,28.85514],[-97.24085,28.85439],[-97.23923,28.85382],[-97.23879,28.85375],[-97.2377,28.85377],[-97.23727,28.85386],[-97.23702,28.85391],[-97.23559,28.85398],[-97.23499,28.85412],[-97.23408,28.85485],[-97.23351,28.85574],[-97.23317,28.85661],[-97.23314,28.85801],[-97.23338,28.85858],[-97.2339,28.8592],[-97.23635,28.86127],[-97.2371,28.86216],[-97.23729,28.86253],[-97.23729,28.86344],[-97.2371,28.8639],[-97.23658,28.86466],[-97.23635,28.86475],[-97.23624,28.86489],[-97.2349,28.86515],[-97.23424,28.86528],[-97.23342,28.86536],[-97.23296,28.86536],[-97.23255,28.86532],[-97.23222,28.86531],[-97.23197,28.8653],[-97.23079,28.86449],[-97.22958,28.86387],[-97.2282,28.86331],[-97.22814,28.86329],[-97.22637,28.86273],[-97.22564,28.8625],[-97.22416,28.86215],[-97.2214,28.86168],[-97.2201,28.86141],[-97.21916,28.86131],[-97.21808,28.86105],[-97.2172,28.86082],[-97.21658,28.86064],[-97.21594,28.86017],[-97.21568,28.86004],[-97.21518,28.85978],[-97.2143,28.85898],[-97.21402,28.85867],[-97.21333,28.8579],[-97.21325,28.85778],[-97.21161,28.85636],[-97.21071,28.85568],[-97.21008,28.85544],[-97.20965,28.85523],[-97.20638,28.85515],[-97.205,28.85504],[-97.2042,28.85479],[-97.20352,28.85444],[-97.20276,28.85385],[-97.20177,28.85243],[-97.2017,28.85201],[-97.20164,28.85194],[-97.20141,28.85087],[-97.20141,28.8502],[-97.2012,28.84935],[-97.19974,28.84672],[-97.19908,28.84595],[-97.19899,28.84585],[-97.19836,28.84445],[-97.19818,28.84367],[-97.19602,28.83991],[-97.19544,28.83902],[-97.19476,28.83851],[-97.19367,28.83819],[-97.19215,28.8377],[-97.19058,28.83732],[-97.19012,28.83713],[-97.19011,28.83713],[-97.19001,28.83709],[-97.18992,28.83705],[-97.18969,28.83696],[-97.1896,28.83687],[-97.18958,28.83685],[-97.18957,28.83684],[-97.18929,28.83657],[-97.18862,28.83591],[-97.18779,28.83521],[-97.1874,28.83482],[-97.18735,28.83477],[-97.18727,28.83468],[-97.18667,28.83408],[-97.18634,28.83335],[-97.18626,28.83302],[-97.18624,28.83293],[-97.18629,28.8326],[-97.18634,28.83223],[-97.18636,28.83209],[-97.18655,28.83126],[-97.18674,28.83071],[-97.18706,28.82993],[-97.18751,28.8292],[-97.188,28.82822],[-97.1884,28.82734],[-97.18881,28.82622],[-97.18925,28.82439],[-97.18917,28.82337],[-97.18911,28.82244],[-97.18893,28.82152],[-97.18882,28.82109],[-97.18873,28.82069],[-97.18858,28.82015],[-97.18865,28.81972],[-97.18882,28.8193],[-97.18902,28.8189],[-97.18943,28.81823],[-97.18985,28.81758],[-97.19015,28.8171],[-97.19065,28.81614],[-97.19087,28.81492],[-97.19055,28.81334],[-97.19019,28.81247],[-97.18993,28.81215],[-97.18944,28.81173],[-97.18876,28.8113],[-97.18787,28.81079],[-97.18717,28.8103],[-97.18666,28.80982],[-97.186,28.80896],[-97.18548,28.8077],[-97.18488,28.80624],[-97.18408,28.80467],[-97.18378,28.80402],[-97.18321,28.80297],[-97.18228,28.80164],[-97.18135,28.80053],[-97.18036,28.79926],[-97.17943,28.79803],[-97.17876,28.79699],[-97.17814,28.79573],[-97.17774,28.79477],[-97.17749,28.79414],[-97.17718,28.79323],[-97.17691,28.79232],[-97.17663,28.79152],[-97.17633,28.79073],[-97.1759,28.79014],[-97.17541,28.78959],[-97.17483,28.78905],[-97.17412,28.78837],[-97.17324,28.78767],[-97.17173,28.78674],[-97.16993,28.7856],[-97.16849,28.78514],[-97.1672,28.78485],[-97.16616,28.78471],[-97.16541,28.78456],[-97.1644,28.7841],[-97.16347,28.78395],[-97.16164,28.78353],[-97.16122,28.78329],[-97.16084,28.78296],[-97.16065,28.78258],[-97.16056,28.78177],[-97.1605,28.78073],[-97.16029,28.7796],[-97.16006,28.7786],[-97.15966,28.77781],[-97.15925,28.77715],[-97.15898,28.77651],[-97.15894,28.77615],[-97.15929,28.77548],[-97.15988,28.77488],[-97.16078,28.77422],[-97.16175,28.77339],[-97.16219,28.77276],[-97.16236,28.7721],[-97.16233,28.77137],[-97.16223,28.77024],[-97.16245,28.76906],[-97.16275,28.76818],[-97.16306,28.76741],[-97.16342,28.76656],[-97.16378,28.76556],[-97.16412,28.76475],[-97.16453,28.76424],[-97.16489,28.76372],[-97.16494,28.76365],[-97.165,28.76357],[-97.16521,28.76326],[-97.16594,28.76227],[-97.16662,28.76121],[-97.1673,28.76012],[-97.16731,28.7601],[-97.16768,28.75929],[-97.16771,28.75922],[-97.16786,28.75888],[-97.16792,28.758],[-97.16787,28.75757],[-97.16787,28.75755],[-97.16783,28.75718],[-97.1676,28.75647],[-97.16757,28.75637],[-97.16729,28.75578],[-97.16681,28.75492],[-97.16641,28.75406],[-97.16633,28.75376],[-97.16633,28.75375],[-97.16632,28.75372],[-97.16632,28.75371],[-97.16631,28.75367],[-97.16618,28.75318],[-97.16619,28.75289],[-97.16619,28.75286],[-97.16619,28.75284],[-97.16619,28.75282],[-97.16619,28.75278],[-97.16619,28.75274],[-97.16622,28.75219],[-97.16656,28.75096],[-97.16671,28.75027],[-97.16697,28.74972],[-97.16699,28.74967],[-97.1674,28.74881],[-97.16784,28.74792],[-97.16855,28.74716],[-97.16988,28.74586],[-97.17092,28.74492],[-97.17174,28.74416],[-97.17265,28.74348],[-97.17371,28.74308],[-97.17411,28.74291],[-97.17469,28.74266],[-97.17571,28.74211],[-97.17638,28.74158],[-97.17701,28.74101],[-97.1776,28.74015],[-97.17825,28.73886],[-97.17841,28.73808],[-97.17838,28.73756],[-97.17827,28.7372],[-97.17798,28.73693],[-97.17739,28.73685],[-97.17664,28.73682],[-97.17569,28.73695],[-97.17425,28.73721],[-97.17289,28.73731],[-97.172,28.7374],[-97.17125,28.73722],[-97.1707,28.73687],[-97.17024,28.73637],[-97.16991,28.73566],[-97.16952,28.73437],[-97.16938,28.73334],[-97.16919,28.73197],[-97.16881,28.7311],[-97.16838,28.7303],[-97.168,28.72918],[-97.16782,28.72837],[-97.16775,28.72795],[-97.16774,28.72784],[-97.16774,28.72777],[-97.16812,28.7247],[-97.16842,28.7223],[-97.16858,28.72103],[-97.16884,28.7189],[-97.16899,28.71765],[-97.169,28.71759],[-97.16891,28.71768],[-97.16898,28.71753],[-97.16903,28.7174],[-97.16965,28.71238],[-97.16981,28.71104],[-97.16985,28.71071],[-97.1699,28.71028],[-97.16991,28.71018],[-97.17001,28.70946],[-97.17038,28.7066],[-97.17128,28.69971],[-97.17189,28.695],[-97.17239,28.69113],[-97.17297,28.68648],[-97.17322,28.68448],[-97.17336,28.68332],[-97.17415,28.67712],[-97.17424,28.67644],[-97.17696,28.65495],[-97.17721,28.65299],[-97.17758,28.65002],[-97.17767,28.64929],[-97.17789,28.64769],[-97.17853,28.64248],[-97.17971,28.63284],[-97.18025,28.62827],[-97.18026,28.62825],[-97.18044,28.62689],[-97.18044,28.62688],[-97.18044,28.62687],[-97.18051,28.6263],[-97.18066,28.62513],[-97.18086,28.62334],[-97.18171,28.61683],[-97.18234,28.61086],[-97.18234,28.61084],[-97.18235,28.61073],[-97.18236,28.6106],[-97.18174,28.60888],[-97.18095,28.60631],[-97.18066,28.60567],[-97.17963,28.60381],[-97.17905,28.60303],[-97.17844,28.60245],[-97.17772,28.60167],[-97.17676,28.60088],[-97.17664,28.60077],[-97.17653,28.60068],[-97.17631,28.60048],[-97.1763,28.60047],[-97.17599,28.60019],[-97.17557,28.59966],[-97.17535,28.59916],[-97.17526,28.59874],[-97.17525,28.59831],[-97.17538,28.59756],[-97.17612,28.59521],[-97.17605,28.59464],[-97.17581,28.59426],[-97.17552,28.59403],[-97.17508,28.59378],[-97.17461,28.59366],[-97.17417,28.5937],[-97.17369,28.59366],[-97.17305,28.59396],[-97.17289,28.59399],[-97.17217,28.59391],[-97.17175,28.59378],[-97.17156,28.59364],[-97.17124,28.59306],[-97.1709,28.5928],[-97.17071,28.59245],[-97.17061,28.59203],[-97.17076,28.5914],[-97.17059,28.59081],[-97.17042,28.59041],[-97.17041,28.59041],[-97.17028,28.59024],[-97.16972,28.58953],[-97.16917,28.58922],[-97.16714,28.5884],[-97.16642,28.58799],[-97.16532,28.58726],[-97.16282,28.58615],[-97.1623,28.58587],[-97.16207,28.58567],[-97.16194,28.58541],[-97.16193,28.58516],[-97.16199,28.58506],[-97.16238,28.5847],[-97.16284,28.5844],[-97.16359,28.58426],[-97.16412,28.58395],[-97.16464,28.58383],[-97.16507,28.58391],[-97.16524,28.58401],[-97.16542,28.5842],[-97.16561,28.58501],[-97.16572,28.5852],[-97.16592,28.58532],[-97.16665,28.58563],[-97.16874,28.58634],[-97.16971,28.58678],[-97.17006,28.58688],[-97.17033,28.58692],[-97.17078,28.58692],[-97.17109,28.58683],[-97.17124,28.58671],[-97.17148,28.58634],[-97.17149,28.58616],[-97.17138,28.58541],[-97.17129,28.58522],[-97.17085,28.5849],[-97.17039,28.58467],[-97.16951,28.58388],[-97.16916,28.58378],[-97.16813,28.5838],[-97.16786,28.58371],[-97.16632,28.58239],[-97.16598,28.58198],[-97.16582,28.58165],[-97.16576,28.5813],[-97.16582,28.58094],[-97.16594,28.58076],[-97.16631,28.58054],[-97.16703,28.58044],[-97.168,28.58045],[-97.16868,28.58051],[-97.16896,28.58047],[-97.16919,28.58038],[-97.16999,28.58],[-97.17038,28.57975],[-97.17052,28.57953],[-97.17063,28.57922],[-97.1707,28.57869],[-97.17062,28.57837],[-97.17025,28.57753],[-97.16997,28.57718],[-97.16934,28.57682],[-97.16877,28.57655],[-97.16828,28.57638],[-97.16796,28.57633],[-97.16759,28.57634],[-97.16733,28.57642],[-97.16712,28.5766],[-97.16701,28.57679],[-97.16684,28.57745],[-97.16672,28.57768],[-97.16643,28.57798],[-97.16602,28.57813],[-97.16578,28.5781],[-97.16552,28.57801],[-97.16488,28.57763],[-97.16451,28.57735],[-97.16364,28.57627],[-97.16322,28.57557],[-97.16308,28.57516],[-97.1629,28.57427],[-97.16287,28.5737],[-97.16293,28.57255],[-97.16283,28.57202],[-97.16268,28.57162],[-97.16245,28.57135],[-97.16218,28.57119],[-97.16197,28.57108],[-97.16162,28.57102],[-97.16129,28.57104],[-97.16109,28.57116],[-97.16085,28.57145],[-97.16022,28.57258],[-97.15984,28.57312],[-97.15862,28.57447],[-97.15828,28.57467],[-97.15801,28.5747],[-97.15781,28.57467],[-97.15752,28.57447],[-97.15733,28.57416],[-97.15725,28.57388],[-97.15725,28.57363],[-97.15753,28.57247],[-97.15753,28.57207],[-97.15742,28.57177],[-97.15711,28.57154],[-97.15627,28.57127],[-97.15506,28.57077],[-97.15463,28.57069],[-97.15429,28.5705],[-97.15397,28.57017],[-97.15378,28.56978],[-97.15359,28.56907],[-97.1536,28.56871],[-97.15369,28.5684],[-97.1539,28.56793],[-97.15416,28.56753],[-97.15437,28.56743],[-97.15465,28.5674],[-97.15638,28.56783],[-97.15731,28.56788],[-97.1579,28.56811],[-97.1581,28.56814],[-97.15838,28.5681],[-97.15857,28.56797],[-97.1587,28.56779],[-97.15873,28.56765],[-97.15868,28.56733],[-97.1586,28.56717],[-97.15819,28.56672],[-97.15803,28.56647],[-97.1578,28.56559],[-97.15783,28.5652],[-97.15793,28.56478],[-97.15805,28.56451],[-97.15821,28.56435],[-97.15843,28.56427],[-97.15904,28.56421],[-97.15946,28.56433],[-97.15978,28.56449],[-97.16018,28.56484],[-97.16062,28.56532],[-97.16083,28.56541],[-97.16208,28.56549],[-97.16258,28.56564],[-97.16309,28.56568],[-97.16357,28.56562],[-97.16391,28.56543],[-97.16417,28.56507],[-97.16422,28.56479],[-97.16407,28.56419],[-97.16391,28.56399],[-97.1637,28.56381],[-97.16326,28.56357],[-97.16278,28.56349],[-97.16163,28.564],[-97.16152,28.56403],[-97.16132,28.56399],[-97.16111,28.56388],[-97.16077,28.56352],[-97.16034,28.56296],[-97.16021,28.56263],[-97.16035,28.56228],[-97.16052,28.56209],[-97.1612,28.56163],[-97.16138,28.56156],[-97.16184,28.56145],[-97.16288,28.56107],[-97.16408,28.56103],[-97.16432,28.56098],[-97.16455,28.56079],[-97.1647,28.56058],[-97.16473,28.56029],[-97.16467,28.55994],[-97.16457,28.55982],[-97.16442,28.55949],[-97.16425,28.55934],[-97.16387,28.55921],[-97.16339,28.55915],[-97.16284,28.55923],[-97.16239,28.55921],[-97.16197,28.559],[-97.16173,28.55871],[-97.16165,28.5584],[-97.16167,28.55818],[-97.16175,28.55798],[-97.16193,28.55779],[-97.16265,28.55733],[-97.16288,28.55708],[-97.16311,28.55663],[-97.16309,28.55627],[-97.16282,28.55583],[-97.16168,28.55486],[-97.16098,28.55403],[-97.16076,28.55347],[-97.16071,28.55336],[-97.16058,28.55243],[-97.16058,28.55239],[-97.16059,28.55227],[-97.16059,28.55224],[-97.16059,28.55202],[-97.16087,28.55154],[-97.16093,28.55112],[-97.16087,28.55088],[-97.16077,28.55072],[-97.16044,28.55036],[-97.16017,28.5502],[-97.16002,28.55016],[-97.15982,28.55019],[-97.15934,28.55038],[-97.15857,28.55093],[-97.15833,28.5511],[-97.15787,28.5514],[-97.15757,28.55151],[-97.15733,28.55152],[-97.15706,28.55145],[-97.15682,28.55133],[-97.15646,28.55104],[-97.15619,28.5506],[-97.15617,28.55028],[-97.15628,28.54997],[-97.15652,28.54969],[-97.15659,28.54952],[-97.15669,28.54848],[-97.15658,28.54822],[-97.15633,28.54799],[-97.15618,28.54793],[-97.15566,28.54785],[-97.15528,28.54798],[-97.15504,28.54811],[-97.15398,28.5491],[-97.15188,28.55057],[-97.15111,28.55131],[-97.15077,28.55171],[-97.15061,28.55188],[-97.15043,28.55221],[-97.15031,28.55255],[-97.15012,28.55278],[-97.14934,28.55328],[-97.14906,28.55333],[-97.14879,28.55328],[-97.14861,28.55313],[-97.14839,28.55283],[-97.14806,28.55199],[-97.14806,28.55197],[-97.14805,28.55194],[-97.14805,28.55191],[-97.14805,28.5519],[-97.14802,28.5513],[-97.14805,28.55047],[-97.14814,28.55001],[-97.14823,28.54985],[-97.14846,28.54965],[-97.14863,28.54956],[-97.14912,28.54958],[-97.14982,28.54977],[-97.14988,28.54979],[-97.15014,28.55001],[-97.15054,28.55026],[-97.15105,28.55047],[-97.15137,28.55048],[-97.1516,28.55042],[-97.15178,28.55014],[-97.15181,28.54992],[-97.15178,28.54964],[-97.15151,28.54924],[-97.1511,28.54894],[-97.15042,28.54872],[-97.15025,28.54852],[-97.15025,28.54826],[-97.15002,28.54776],[-97.14982,28.54749],[-97.14899,28.54681],[-97.14856,28.54654],[-97.1481,28.5464],[-97.14782,28.54637],[-97.14751,28.54643],[-97.1473,28.54653],[-97.14698,28.5469],[-97.14682,28.54768],[-97.14675,28.54879],[-97.14676,28.54892],[-97.14678,28.54936],[-97.14666,28.54962],[-97.14641,28.54981],[-97.1461,28.54983],[-97.14584,28.54972],[-97.14539,28.54942],[-97.14463,28.54878],[-97.1441,28.54846],[-97.14392,28.54836],[-97.14341,28.54828],[-97.1431,28.54835],[-97.14286,28.5486],[-97.14256,28.54914],[-97.14244,28.54959],[-97.14235,28.5503],[-97.14225,28.55061],[-97.14204,28.55104],[-97.1413,28.5518],[-97.14105,28.55216],[-97.14092,28.55236],[-97.14048,28.55344],[-97.14027,28.55383],[-97.13997,28.55407],[-97.13963,28.55417],[-97.13947,28.55416],[-97.13918,28.55404],[-97.13852,28.55363],[-97.13822,28.55333],[-97.13792,28.5529],[-97.13768,28.55241],[-97.13733,28.55123],[-97.13694,28.55082],[-97.13641,28.55063],[-97.13613,28.55043],[-97.13576,28.54971],[-97.13547,28.54941],[-97.13523,28.5494],[-97.13503,28.54944],[-97.13473,28.54968],[-97.13452,28.54994],[-97.13415,28.55074],[-97.13374,28.55109],[-97.1328,28.55131],[-97.13224,28.55131],[-97.13164,28.55095],[-97.1308,28.55028],[-97.13061,28.55001],[-97.13062,28.54965],[-97.13072,28.54942],[-97.13099,28.54911],[-97.13129,28.54877],[-97.1314,28.54847],[-97.13138,28.54825],[-97.13127,28.54814],[-97.13078,28.54783],[-97.13055,28.54754],[-97.13034,28.54737],[-97.12944,28.54707],[-97.12899,28.54678],[-97.12874,28.54646],[-97.12857,28.54569],[-97.12839,28.54549],[-97.12823,28.5454],[-97.12793,28.54533],[-97.12758,28.5454],[-97.12724,28.54574],[-97.12707,28.54601],[-97.12695,28.54622],[-97.12662,28.54741],[-97.12664,28.54827],[-97.12647,28.54867],[-97.12622,28.54885],[-97.12591,28.54891],[-97.12567,28.54889],[-97.1255,28.54879],[-97.12523,28.54853],[-97.12516,28.54833],[-97.12502,28.54794],[-97.12493,28.54755],[-97.12501,28.54724],[-97.12519,28.54696],[-97.12536,28.54671],[-97.1256,28.54634],[-97.12559,28.54602],[-97.12554,28.54589],[-97.12547,28.54568],[-97.12542,28.54562],[-97.12531,28.54548],[-97.12505,28.5453],[-97.1247,28.54524],[-97.12434,28.5453],[-97.12422,28.54532],[-97.12338,28.54525],[-97.12305,28.54539],[-97.12272,28.54565],[-97.12253,28.54588],[-97.1224,28.54618],[-97.12239,28.54646],[-97.12264,28.54682],[-97.12309,28.54711],[-97.12326,28.54722],[-97.12345,28.5474],[-97.12355,28.54775],[-97.12359,28.54812],[-97.12361,28.54828],[-97.12351,28.54859],[-97.12329,28.54889],[-97.12285,28.5492],[-97.12245,28.54925],[-97.12217,28.54921],[-97.12138,28.54895],[-97.12123,28.54884],[-97.12099,28.54877],[-97.12075,28.54858],[-97.1203,28.54838],[-97.12018,28.54832],[-97.1199,28.54785],[-97.12001,28.54678],[-97.11996,28.54647],[-97.11975,28.5463],[-97.11956,28.54624],[-97.11936,28.54623],[-97.11913,28.54629],[-97.11892,28.54646],[-97.11884,28.54658],[-97.11879,28.54687],[-97.11868,28.54706],[-97.11869,28.5472],[-97.11858,28.54751],[-97.11859,28.54787],[-97.11848,28.54836],[-97.11839,28.54856],[-97.11822,28.54875],[-97.11805,28.54885],[-97.11782,28.5489],[-97.11613,28.54877],[-97.11551,28.54881],[-97.11517,28.54894],[-97.11492,28.54912],[-97.11481,28.54927],[-97.11464,28.55001],[-97.11428,28.55065],[-97.11407,28.55095],[-97.1132,28.55175],[-97.11316,28.55178],[-97.11286,28.552],[-97.11211,28.55235],[-97.11023,28.5537],[-97.11002,28.55381],[-97.10964,28.55392],[-97.10962,28.55392],[-97.10955,28.55393],[-97.10952,28.55393],[-97.10935,28.55395],[-97.10854,28.55416],[-97.10808,28.55428],[-97.10769,28.55427],[-97.1075,28.55435],[-97.10727,28.55431],[-97.107,28.55434],[-97.1056,28.55469],[-97.10517,28.5548],[-97.10461,28.55482],[-97.10426,28.55474],[-97.10389,28.55459],[-97.1034,28.55416],[-97.10318,28.55379],[-97.10306,28.55301],[-97.10314,28.55262],[-97.10336,28.55227],[-97.10395,28.55173],[-97.10407,28.55148],[-97.10411,28.55141],[-97.10411,28.55123],[-97.10399,28.55093],[-97.1038,28.55065],[-97.10355,28.55041],[-97.10327,28.55021],[-97.10274,28.54996],[-97.10251,28.54989],[-97.10198,28.54983],[-97.10146,28.54984],[-97.1007,28.54992],[-97.09971,28.55034],[-97.09935,28.55035],[-97.09917,28.55021],[-97.09898,28.55011],[-97.09892,28.54987],[-97.09906,28.54954],[-97.09933,28.54927],[-97.09983,28.54902],[-97.10002,28.54897],[-97.10083,28.54893],[-97.10139,28.54899],[-97.10235,28.54872],[-97.10269,28.54853],[-97.10292,28.54832],[-97.10299,28.54797],[-97.10287,28.5477],[-97.10264,28.54745],[-97.10231,28.54724],[-97.10179,28.54704],[-97.10136,28.54697],[-97.10115,28.54699],[-97.09802,28.5473],[-97.09736,28.54758],[-97.0972,28.54769],[-97.09704,28.54788],[-97.09689,28.54793],[-97.09686,28.54789],[-97.09673,28.54777],[-97.09652,28.54766],[-97.09642,28.54751],[-97.09638,28.5473],[-97.0964,28.54694],[-97.09657,28.54657],[-97.0969,28.54612],[-97.09785,28.54545],[-97.09839,28.54483],[-97.09844,28.54469],[-97.09842,28.54444],[-97.09838,28.54435],[-97.09822,28.54401],[-97.09809,28.54383],[-97.09785,28.54369],[-97.09733,28.54367],[-97.09662,28.54401],[-97.09603,28.54444],[-97.09559,28.54464],[-97.09493,28.54479],[-97.09461,28.54475],[-97.09434,28.54473],[-97.09412,28.54457],[-97.09409,28.54432],[-97.09421,28.5441],[-97.0945,28.54384],[-97.09571,28.54327],[-97.09595,28.54303],[-97.0961,28.5427],[-97.09608,28.54238],[-97.09593,28.54205],[-97.09591,28.5418],[-97.09568,28.5413],[-97.09566,28.54113],[-97.09549,28.54072],[-97.09546,28.54055],[-97.09509,28.53964],[-97.09493,28.53843],[-97.09443,28.53792],[-97.09406,28.53769],[-97.09391,28.53764],[-97.09375,28.53764],[-97.09347,28.53765],[-97.09261,28.53786],[-97.09216,28.5381],[-97.09205,28.53821],[-97.09203,28.53831],[-97.09214,28.53866],[-97.09251,28.53917],[-97.09261,28.53941],[-97.09264,28.53966],[-97.09259,28.53979],[-97.09241,28.53999],[-97.09203,28.54011],[-97.09166,28.54008],[-97.09155,28.54007],[-97.09131,28.54001],[-97.0911,28.5399],[-97.09091,28.53967],[-97.0908,28.53929],[-97.09055,28.53765],[-97.0906,28.5373],[-97.09106,28.53658],[-97.09123,28.53621],[-97.0913,28.53571],[-97.09119,28.53522],[-97.09102,28.53482],[-97.09084,28.53457],[-97.09032,28.53418],[-97.08991,28.53386],[-97.08971,28.53375],[-97.08941,28.53365],[-97.08905,28.53366],[-97.08893,28.53377],[-97.08881,28.53399],[-97.08879,28.53439],[-97.08949,28.53588],[-97.08956,28.5362],[-97.08955,28.53638],[-97.08925,28.53666],[-97.08876,28.53683],[-97.08828,28.53684],[-97.08771,28.53664],[-97.08649,28.53572],[-97.08629,28.53533],[-97.08629,28.53497],[-97.08651,28.53458],[-97.08658,28.53427],[-97.0867,28.53408],[-97.08717,28.53369],[-97.08733,28.53321],[-97.08733,28.53296],[-97.08718,28.53267],[-97.08698,28.53254],[-97.08656,28.53244],[-97.08635,28.53245],[-97.08609,28.53256],[-97.08519,28.53323],[-97.08511,28.53335],[-97.08499,28.53395],[-97.08475,28.53419],[-97.08422,28.53445],[-97.08371,28.53486],[-97.0836,28.53491],[-97.08327,28.53492],[-97.08303,28.5348],[-97.08289,28.53454],[-97.08292,28.53325],[-97.08287,28.53286],[-97.0828,28.53269],[-97.08262,28.53245],[-97.08232,28.53227],[-97.08209,28.53222],[-97.08186,28.53229],[-97.0817,28.53241],[-97.08153,28.53265],[-97.0814,28.53298],[-97.08106,28.53386],[-97.08077,28.53433],[-97.08045,28.53523],[-97.08025,28.53549],[-97.08009,28.53554],[-97.07987,28.53546],[-97.07971,28.53521],[-97.07954,28.53404],[-97.07942,28.53366],[-97.07931,28.53351],[-97.07906,28.53333],[-97.07871,28.53325],[-97.07824,28.53336],[-97.07778,28.53357],[-97.07772,28.53361],[-97.07744,28.53383],[-97.07734,28.53414],[-97.07745,28.53539],[-97.07743,28.53597],[-97.07733,28.53686],[-97.07705,28.53753],[-97.07705,28.53764],[-97.07714,28.53776],[-97.07744,28.53762],[-97.07765,28.53752],[-97.07833,28.53751],[-97.07854,28.5374],[-97.07885,28.53703],[-97.07922,28.53687],[-97.07961,28.53687],[-97.07992,28.53704],[-97.08,28.53712],[-97.08003,28.53737],[-97.07983,28.53861],[-97.07974,28.53892],[-97.07978,28.5392],[-97.08006,28.53951],[-97.08032,28.53968],[-97.08087,28.53992],[-97.08135,28.5403],[-97.08167,28.54066],[-97.0819,28.54104],[-97.08245,28.54161],[-97.08278,28.54234],[-97.08279,28.54259],[-97.08269,28.54279],[-97.08254,28.54296],[-97.08213,28.54311],[-97.0807,28.54331],[-97.08048,28.54341],[-97.08034,28.54362],[-97.08017,28.54451],[-97.0799,28.54522],[-97.07968,28.54547],[-97.07934,28.54559],[-97.07906,28.54558],[-97.07851,28.54538],[-97.07756,28.54477],[-97.07717,28.54441],[-97.07643,28.54412],[-97.07623,28.54395],[-97.07607,28.5437],[-97.07593,28.54364],[-97.07595,28.5436],[-97.07601,28.54351],[-97.07608,28.54351],[-97.07634,28.54332],[-97.07645,28.54317],[-97.07734,28.54262],[-97.07762,28.54237],[-97.0778,28.54215],[-97.07784,28.54205],[-97.07808,28.54152],[-97.07819,28.54099],[-97.07819,28.54081],[-97.07817,28.54071],[-97.07815,28.54064],[-97.0781,28.54055],[-97.07801,28.54049],[-97.07787,28.54042],[-97.07767,28.54035],[-97.07743,28.54027],[-97.0771,28.54025],[-97.07655,28.54025],[-97.07635,28.54026],[-97.07609,28.5403],[-97.07591,28.54035],[-97.07575,28.54041],[-97.07546,28.54055],[-97.07479,28.54086],[-97.07469,28.54093],[-97.0746,28.54106],[-97.07455,28.54115],[-97.07452,28.54127],[-97.07432,28.54167],[-97.07396,28.54225],[-97.07391,28.54238],[-97.07389,28.54249],[-97.07389,28.54251],[-97.0739,28.54263],[-97.07397,28.54271],[-97.07407,28.54279],[-97.07425,28.54285],[-97.07445,28.54285],[-97.07462,28.54283],[-97.07475,28.54282],[-97.07486,28.54283],[-97.07517,28.54295],[-97.07546,28.54311],[-97.07562,28.54322],[-97.07574,28.5435],[-97.07575,28.54354],[-97.07577,28.54365],[-97.07578,28.54368],[-97.07567,28.54373],[-97.07561,28.54382],[-97.07565,28.54429],[-97.0756,28.54446],[-97.075,28.54494],[-97.0743,28.54559],[-97.07338,28.5461],[-97.07286,28.5463],[-97.07251,28.54698],[-97.07233,28.54712],[-97.07213,28.54713],[-97.07201,28.5471],[-97.07158,28.54678],[-97.07066,28.54565],[-97.06993,28.54509],[-97.0698,28.54487],[-97.06974,28.54452],[-97.06989,28.54403],[-97.07013,28.54379],[-97.07044,28.54365],[-97.07056,28.5436],[-97.07145,28.54338],[-97.07174,28.54319],[-97.07188,28.54297],[-97.0719,28.54283],[-97.07174,28.54259],[-97.07144,28.5425],[-97.07083,28.54248],[-97.07035,28.54254],[-97.06977,28.5427],[-97.06927,28.543],[-97.06863,28.54361],[-97.0681,28.54436],[-97.06786,28.5445],[-97.06762,28.54452],[-97.06739,28.54446],[-97.067,28.54421],[-97.06631,28.54366],[-97.06609,28.5432],[-97.06601,28.54263],[-97.06585,28.54243],[-97.06562,28.54237],[-97.06486,28.54249],[-97.06464,28.54259],[-97.06439,28.54277],[-97.06428,28.54292],[-97.06423,28.54334],[-97.06404,28.54357],[-97.06327,28.54379],[-97.06272,28.54401],[-97.06223,28.54404],[-97.06208,28.54401],[-97.06187,28.54384],[-97.06191,28.54356],[-97.06208,28.54336],[-97.06307,28.54256],[-97.06327,28.54229],[-97.06348,28.54179],[-97.06354,28.54137],[-97.06342,28.5411],[-97.06323,28.54092],[-97.06289,28.54082],[-97.06253,28.54077],[-97.06224,28.54077],[-97.06193,28.54085],[-97.06091,28.54136],[-97.06009,28.5419],[-97.05911,28.54224],[-97.05889,28.54238],[-97.05888,28.54263],[-97.05904,28.54287],[-97.05921,28.54302],[-97.06012,28.54349],[-97.0603,28.54372],[-97.06029,28.54387],[-97.06021,28.54395],[-97.05935,28.54434],[-97.05923,28.54444],[-97.05906,28.5448],[-97.05908,28.54502],[-97.05917,28.54518],[-97.05948,28.5454],[-97.05985,28.54555],[-97.06033,28.5456],[-97.06085,28.54554],[-97.06124,28.54561],[-97.06207,28.54642],[-97.06211,28.54646],[-97.06277,28.54699],[-97.06292,28.54724],[-97.06285,28.54733],[-97.06271,28.5474],[-97.06214,28.5474],[-97.06098,28.54753],[-97.06039,28.54739],[-97.05951,28.54704],[-97.05876,28.54696],[-97.05824,28.54703],[-97.05784,28.5472],[-97.05731,28.54736],[-97.05698,28.54772],[-97.05662,28.54828],[-97.05636,28.54892],[-97.05632,28.54928],[-97.05647,28.54961],[-97.05666,28.54989],[-97.05666,28.55002],[-97.05653,28.55012],[-97.05648,28.55016],[-97.05587,28.55017],[-97.05539,28.54999],[-97.05482,28.5496],[-97.05436,28.54906],[-97.05409,28.54864],[-97.05408,28.54862],[-97.05371,28.5484],[-97.05343,28.54837],[-97.05328,28.54841],[-97.05291,28.54875],[-97.05259,28.54895],[-97.05231,28.54897],[-97.05209,28.54887],[-97.05183,28.54852],[-97.0518,28.5482],[-97.05199,28.54769],[-97.0524,28.547],[-97.05247,28.54657],[-97.05243,28.54626],[-97.05236,28.54613],[-97.05215,28.54596],[-97.05154,28.54568],[-97.05114,28.54563],[-97.05078,28.54568],[-97.05026,28.54587],[-97.04996,28.54616],[-97.04986,28.5465],[-97.04984,28.54722],[-97.04976,28.54743],[-97.0497,28.54763],[-97.0495,28.54794],[-97.04891,28.54848],[-97.04883,28.54864],[-97.04878,28.54886],[-97.04882,28.5491],[-97.04895,28.54924],[-97.04928,28.54945],[-97.0494,28.54959],[-97.04942,28.54969],[-97.04935,28.54986],[-97.04914,28.54997],[-97.0487,28.54998],[-97.04853,28.54997],[-97.04841,28.54993],[-97.04805,28.54981],[-97.04778,28.54965],[-97.04701,28.54896],[-97.04679,28.54887],[-97.04655,28.54886],[-97.04635,28.54891],[-97.04624,28.54901],[-97.04607,28.54934],[-97.04588,28.54972],[-97.0454,28.54999],[-97.04517,28.55007],[-97.04505,28.55006],[-97.04488,28.54997],[-97.04477,28.54982],[-97.0448,28.54929],[-97.04495,28.54892],[-97.04519,28.54878],[-97.04594,28.54851],[-97.04612,28.54837],[-97.04659,28.54816],[-97.04776,28.5479],[-97.04802,28.5478],[-97.04819,28.54765],[-97.0482,28.54737],[-97.04793,28.54673],[-97.04777,28.54611],[-97.04746,28.54565],[-97.04713,28.54529],[-97.0468,28.54508],[-97.04556,28.54492],[-97.04522,28.54473],[-97.04495,28.54443],[-97.04491,28.54426],[-97.04499,28.54384],[-97.04483,28.54339],[-97.04461,28.54314],[-97.04424,28.54292],[-97.04406,28.54273],[-97.04404,28.54237],[-97.04407,28.54223],[-97.04435,28.54175],[-97.04457,28.54159],[-97.04487,28.54149],[-97.04531,28.5415],[-97.0459,28.54174],[-97.04609,28.54169],[-97.04628,28.54156],[-97.04651,28.54114],[-97.04648,28.54025],[-97.04656,28.53983],[-97.04665,28.53967],[-97.04687,28.53951],[-97.04732,28.53955],[-97.04752,28.53967],[-97.04796,28.54039],[-97.04817,28.54056],[-97.04832,28.54056],[-97.04848,28.54045],[-97.04882,28.54005],[-97.04886,28.53988],[-97.04879,28.53952],[-97.04863,28.53916],[-97.0483,28.5388],[-97.04804,28.53844],[-97.04779,28.53826],[-97.04743,28.53809],[-97.04726,28.53794],[-97.04718,28.53756],[-97.04727,28.5372],[-97.04771,28.53683],[-97.04833,28.53658],[-97.04873,28.53652],[-97.04982,28.53663],[-97.05075,28.53687],[-97.05107,28.53702],[-97.05139,28.53703],[-97.05157,28.53689],[-97.05165,28.53669],[-97.05157,28.53584],[-97.05157,28.5354],[-97.05147,28.53512],[-97.05133,28.53495],[-97.05092,28.53479],[-97.05076,28.53481],[-97.05061,28.53493],[-97.05042,28.53499],[-97.04986,28.53504],[-97.04915,28.53519],[-97.04847,28.53519],[-97.04774,28.53512],[-97.04722,28.53518],[-97.04674,28.53538],[-97.04606,28.53542],[-97.04572,28.53522],[-97.04556,28.53507],[-97.04518,28.53451],[-97.04507,28.53402],[-97.04506,28.53355],[-97.04516,28.53309],[-97.04522,28.5327],[-97.04513,28.53228],[-97.04499,28.53206],[-97.04467,28.53184],[-97.04379,28.5317],[-97.04349,28.53161],[-97.04318,28.53159],[-97.04289,28.53157],[-97.04284,28.53157],[-97.04278,28.53156],[-97.04246,28.53155],[-97.04181,28.53152],[-97.04176,28.53152],[-97.04161,28.53151],[-97.04156,28.53151],[-97.04151,28.53151],[-97.04127,28.53153],[-97.041,28.53161],[-97.04081,28.53175],[-97.0405,28.53185],[-97.03987,28.53207],[-97.03982,28.53217],[-97.03985,28.53249],[-97.0398,28.53263],[-97.03946,28.53303],[-97.03918,28.53351],[-97.03839,28.53423],[-97.03816,28.53444],[-97.03761,28.5348],[-97.03746,28.53487],[-97.03741,28.53489],[-97.03726,28.53495],[-97.03721,28.53497],[-97.03722,28.535],[-97.03724,28.53506],[-97.03725,28.53508],[-97.0372,28.53524],[-97.03711,28.53542],[-97.03709,28.53549],[-97.03705,28.53564],[-97.03686,28.53597],[-97.03679,28.53605],[-97.0367,28.53611],[-97.03657,28.53619],[-97.03641,28.53633],[-97.03637,28.53638],[-97.03635,28.53642],[-97.03636,28.53653],[-97.03636,28.53655],[-97.03616,28.53682],[-97.03615,28.53691],[-97.03586,28.53726],[-97.03562,28.53759],[-97.03518,28.538],[-97.03477,28.53828],[-97.03475,28.53829],[-97.03441,28.53848],[-97.03395,28.53862],[-97.03353,28.53869],[-97.03313,28.53871],[-97.03265,28.53875],[-97.03236,28.53887],[-97.03238,28.53887],[-97.0322,28.53891],[-97.032,28.53904],[-97.03178,28.5392],[-97.03164,28.53936],[-97.03154,28.5396],[-97.03147,28.53982],[-97.03149,28.54002],[-97.03157,28.54024],[-97.0317,28.54041],[-97.03191,28.54064],[-97.03199,28.54072],[-97.032,28.54083],[-97.03204,28.54097],[-97.03203,28.54116],[-97.03194,28.54132],[-97.03185,28.54141],[-97.03177,28.54148],[-97.03168,28.54152],[-97.03165,28.54154],[-97.03144,28.54159],[-97.03125,28.54159],[-97.03062,28.54152],[-97.03042,28.54144],[-97.02976,28.54124],[-97.02872,28.54093],[-97.02851,28.54087],[-97.02701,28.54028],[-97.02658,28.54008],[-97.02614,28.53983],[-97.02576,28.53961],[-97.02482,28.53907],[-97.02473,28.539],[-97.02472,28.53899],[-97.02447,28.53873],[-97.02446,28.53872],[-97.02444,28.53869],[-97.02441,28.53861],[-97.02438,28.53856],[-97.02437,28.53852],[-97.02435,28.53848],[-97.02429,28.53844],[-97.02424,28.53842],[-97.0241,28.53832],[-97.02406,28.53827],[-97.02394,28.53809],[-97.02392,28.53806],[-97.02382,28.53794],[-97.0238,28.5379],[-97.0238,28.53786],[-97.0238,28.53774],[-97.02381,28.53772],[-97.02381,28.53767],[-97.02375,28.53756],[-97.02372,28.53752],[-97.02365,28.53746],[-97.02346,28.53736],[-97.02342,28.53736],[-97.0234,28.53735],[-97.02324,28.53735],[-97.02321,28.53734],[-97.02317,28.53727],[-97.02317,28.53723],[-97.02318,28.5372],[-97.02319,28.53718],[-97.02324,28.53715],[-97.02327,28.53711],[-97.02327,28.53701],[-97.02325,28.53695],[-97.02324,28.53679],[-97.02332,28.53676],[-97.02349,28.53673],[-97.02357,28.53672],[-97.0236,28.53669],[-97.02362,28.53667],[-97.02362,28.53651],[-97.02367,28.53645],[-97.02368,28.53641],[-97.0237,28.53633],[-97.02372,28.5363],[-97.02379,28.53624],[-97.02383,28.53623],[-97.02391,28.53623],[-97.02402,28.53629],[-97.02406,28.5363],[-97.02413,28.5363],[-97.02416,28.5363],[-97.02418,28.53617],[-97.0242,28.53613],[-97.02422,28.53611],[-97.02431,28.53612],[-97.02438,28.53615],[-97.02444,28.53616],[-97.02449,28.53615],[-97.02478,28.53607],[-97.02494,28.53606],[-97.025,28.53601],[-97.02507,28.53601],[-97.0252,28.53604],[-97.02531,28.53613],[-97.02538,28.53617],[-97.02563,28.53628],[-97.02575,28.53631],[-97.0258,28.53634],[-97.02586,28.53642],[-97.02597,28.5365],[-97.02619,28.53658],[-97.02656,28.53661],[-97.02666,28.53662],[-97.02683,28.5366],[-97.02703,28.5365],[-97.02705,28.5365],[-97.02721,28.53636],[-97.0273,28.53628],[-97.02743,28.53612],[-97.02746,28.53591],[-97.02744,28.53569],[-97.02739,28.53554],[-97.02737,28.5354],[-97.02737,28.53526],[-97.02733,28.53505],[-97.02721,28.53473],[-97.02713,28.53431],[-97.02716,28.53411],[-97.02718,28.53387],[-97.02721,28.53295],[-97.02717,28.53262],[-97.02714,28.53241],[-97.02699,28.53217],[-97.02682,28.53195],[-97.02661,28.53172],[-97.0261,28.5314],[-97.02583,28.53118],[-97.02558,28.53096],[-97.02519,28.53046],[-97.02463,28.52958],[-97.02454,28.5294],[-97.02427,28.52873],[-97.02417,28.52826],[-97.02393,28.52766],[-97.02377,28.52742],[-97.02333,28.52681],[-97.02307,28.52651],[-97.02303,28.52645],[-97.02279,28.52606],[-97.02264,28.52589],[-97.02261,28.52568],[-97.0226,28.52551],[-97.02264,28.52532],[-97.02274,28.52516],[-97.02295,28.52491],[-97.02344,28.52447],[-97.02384,28.52425],[-97.02402,28.52413],[-97.02419,28.52407],[-97.02432,28.52393],[-97.02439,28.52374],[-97.02432,28.52347],[-97.02426,28.52326],[-97.02414,28.52301],[-97.02401,28.52288],[-97.02396,28.52286],[-97.02382,28.52282],[-97.02373,28.52265],[-97.02366,28.52242],[-97.02355,28.52221],[-97.02352,28.52206],[-97.02345,28.52192],[-97.02333,28.52169],[-97.02327,28.52148],[-97.0232,28.5213],[-97.0232,28.52091],[-97.02315,28.52051],[-97.02306,28.52022],[-97.02293,28.51989],[-97.02292,28.51964],[-97.02302,28.51907],[-97.02292,28.5188],[-97.02283,28.51867],[-97.02283,28.51865],[-97.02278,28.51848],[-97.02279,28.51827],[-97.02286,28.51794],[-97.02291,28.51755],[-97.02282,28.51751],[-97.02283,28.51742],[-97.02269,28.51712],[-97.02254,28.51698],[-97.0223,28.51676],[-97.02205,28.51666],[-97.02168,28.51667],[-97.02149,28.51673],[-97.02135,28.51691],[-97.02114,28.5171],[-97.02084,28.51737],[-97.02079,28.51744],[-97.02058,28.51773],[-97.02045,28.51806],[-97.02038,28.51819],[-97.02038,28.51862],[-97.02039,28.51881],[-97.02047,28.51907],[-97.02051,28.51916],[-97.02061,28.51946],[-97.02061,28.51956],[-97.02059,28.51965],[-97.02056,28.51972],[-97.02041,28.51994],[-97.02021,28.52014],[-97.02008,28.5202],[-97.01989,28.52024],[-97.01974,28.52026],[-97.01945,28.5201],[-97.01927,28.5199],[-97.01894,28.51946],[-97.01874,28.51925],[-97.0185,28.51906],[-97.01821,28.51885],[-97.01803,28.51871],[-97.01773,28.51851],[-97.01754,28.51845],[-97.01723,28.51836],[-97.01696,28.51832],[-97.01673,28.51821],[-97.01667,28.51817],[-97.01657,28.51811],[-97.01598,28.51767],[-97.01567,28.51738],[-97.0156,28.51735],[-97.0155,28.51726],[-97.01538,28.51715],[-97.01509,28.51703],[-97.01491,28.51704],[-97.01461,28.51704],[-97.01433,28.51709],[-97.01401,28.51724],[-97.01376,28.51731],[-97.01354,28.51736],[-97.01349,28.51736],[-97.013,28.51732],[-97.01287,28.51738],[-97.01279,28.51732],[-97.01269,28.51709],[-97.01264,28.51686],[-97.0125,28.51668],[-97.01232,28.51653],[-97.01206,28.51633],[-97.01182,28.51616],[-97.01166,28.51606],[-97.01161,28.51599],[-97.01123,28.51572],[-97.01116,28.51567],[-97.01111,28.51561],[-97.01105,28.51555],[-97.01101,28.51555],[-97.01095,28.51555],[-97.01088,28.51557],[-97.01077,28.51557],[-97.0107,28.51556],[-97.01055,28.51546],[-97.01052,28.51541],[-97.01046,28.51535],[-97.01038,28.51529],[-97.0103,28.51525],[-97.01015,28.51526],[-97.01005,28.51527],[-97.00996,28.51527],[-97.00973,28.51517],[-97.00961,28.51512],[-97.00953,28.51503],[-97.00941,28.51494],[-97.00934,28.51485],[-97.00917,28.51421],[-97.00882,28.51397],[-97.0086,28.51384],[-97.00849,28.51378],[-97.00827,28.5131],[-97.008,28.51243],[-97.00757,28.5118],[-97.00704,28.51126],[-97.00666,28.51074],[-97.00644,28.51056],[-97.00605,28.51024],[-97.00544,28.50967],[-97.00531,28.50954],[-97.00506,28.50931],[-97.0049,28.50916],[-97.00477,28.50903],[-97.0047,28.50897],[-97.00466,28.50893],[-97.00464,28.50891],[-97.00435,28.50902],[-97.00387,28.50904],[-97.00381,28.50903],[-97.00322,28.50896],[-97.00147,28.50863],[-97.00128,28.50861],[-97.00086,28.50858],[-97.00044,28.50864],[-97.00036,28.50865],[-97.00012,28.50869],[-97.00005,28.5087],[-96.99985,28.50873],[-96.99912,28.50872],[-96.99845,28.50885],[-96.99796,28.50889],[-96.99745,28.50878],[-96.9964,28.50881],[-96.99612,28.50877],[-96.99514,28.50919],[-96.99502,28.5092],[-96.99487,28.50914],[-96.99471,28.50898],[-96.99461,28.5087],[-96.99466,28.50839],[-96.99477,28.50815],[-96.99532,28.50768],[-96.99546,28.50742],[-96.99548,28.50725],[-96.99514,28.5071],[-96.9949,28.50676],[-96.99477,28.50658],[-96.99479,28.50608],[-96.99489,28.50569],[-96.99487,28.50544],[-96.9948,28.50524],[-96.9945,28.50483],[-96.99455,28.50478],[-96.9946,28.50474],[-96.9948,28.50454],[-96.99502,28.50434],[-96.99537,28.50347],[-96.99543,28.50333],[-96.99562,28.50315],[-96.99597,28.50249],[-96.99604,28.50237],[-96.99656,28.50034],[-96.99658,28.50028],[-96.99678,28.49997],[-96.99707,28.49987],[-96.99697,28.49884],[-96.99698,28.49881],[-96.99799,28.49578],[-96.99823,28.49509],[-96.99841,28.49481],[-96.99769,28.4945],[-96.99553,28.49356],[-96.99481,28.49325],[-96.99467,28.49319],[-96.99425,28.493],[-96.99411,28.49294],[-96.99347,28.49266],[-96.99155,28.49183],[-96.9909,28.49155],[-96.9903,28.49129],[-96.9885,28.49051],[-96.9879,28.49025],[-96.98771,28.49016],[-96.98714,28.48992],[-96.98695,28.48984],[-96.9868,28.48977],[-96.98633,28.48957],[-96.98618,28.4895],[-96.9848,28.4889],[-96.98067,28.48711],[-96.9793,28.48651],[-96.97801,28.48596],[-96.97417,28.48429],[-96.97288,28.48373],[-96.97261,28.48361],[-96.97254,28.48358],[-96.97153,28.48314],[-96.9685,28.48183],[-96.9675,28.48139],[-96.96739,28.48135],[-96.96708,28.48121],[-96.96698,28.48117],[-96.96462,28.48014],[-96.95755,28.47707],[-96.9552,28.47605],[-96.95418,28.47561],[-96.95111,28.47428],[-96.95009,28.47384],[-96.94984,28.47373],[-96.94977,28.4737],[-96.94976,28.47369],[-96.94863,28.4732],[-96.94651,28.47229],[-96.94518,28.47171],[-96.94415,28.47127],[-96.94403,28.47122],[-96.94046,28.46966],[-96.94018,28.46954],[-96.93454,28.46711],[-96.92909,28.46472],[-96.9286,28.46453],[-96.92802,28.46429],[-96.92688,28.46387],[-96.92626,28.46365],[-96.92503,28.46325],[-96.92464,28.46314],[-96.92458,28.46312],[-96.92436,28.46306],[-96.92389,28.46293],[-96.92288,28.46268],[-96.92224,28.46253],[-96.91758,28.46152],[-96.91581,28.46114],[-96.91515,28.46099],[-96.91119,28.46013],[-96.91112,28.46012],[-96.90282,28.45832],[-96.90051,28.4578],[-96.90047,28.45779],[-96.90046,28.45778],[-96.90043,28.45779],[-96.90055,28.45737],[-96.90066,28.45706],[-96.9013,28.4548],[-96.90131,28.45473],[-96.90131,28.45466],[-96.90128,28.45462],[-96.90125,28.4546],[-96.9012,28.45458],[-96.90109,28.45457],[-96.90097,28.45454],[-96.90095,28.45453],[-96.90094,28.45452],[-96.90092,28.45446],[-96.90092,28.45444],[-96.90093,28.45441],[-96.90141,28.45264],[-96.90172,28.45143],[-96.902,28.45045],[-96.90202,28.45034],[-96.90203,28.45025],[-96.90202,28.4502],[-96.90197,28.45011],[-96.90193,28.45009],[-96.9018,28.45005],[-96.90167,28.45003],[-96.901,28.4499],[-96.8978,28.44926],[-96.89715,28.44914],[-96.89627,28.44898],[-96.89548,28.44881],[-96.89419,28.44854],[-96.89085,28.44786],[-96.89049,28.44779],[-96.88883,28.44744],[-96.88892,28.44711],[-96.88904,28.44668],[-96.88967,28.44443],[-96.88988,28.44368],[-96.8905,28.4415],[-96.89233,28.43496],[-96.89295,28.43278],[-96.89302,28.4325],[-96.89325,28.43168],[-96.89333,28.4314],[-96.89347,28.4309],[-96.89389,28.42939],[-96.89403,28.42889],[-96.8941,28.42863],[-96.8943,28.42792],[-96.89432,28.42787],[-96.8944,28.42762],[-96.89443,28.42753],[-96.89453,28.42724],[-96.89495,28.42612],[-96.89509,28.42575],[-96.89611,28.42317],[-96.89919,28.41544],[-96.90021,28.41286],[-96.90124,28.4103],[-96.90198,28.40847],[-96.90431,28.4026],[-96.90533,28.40004],[-96.90628,28.39766],[-96.90675,28.39648],[-96.90891,28.391],[-96.90911,28.39052],[-96.91006,28.38815],[-96.91044,28.38719],[-96.9116,28.38432],[-96.91198,28.38337],[-96.91205,28.38318],[-96.91227,28.38263],[-96.91234,28.38245],[-96.9127,28.38155],[-96.91378,28.37884],[-96.91414,28.37794],[-96.91421,28.37775],[-96.91444,28.37719],[-96.91451,28.377],[-96.915,28.37577],[-96.91629,28.37253],[-96.91646,28.3721],[-96.91695,28.37087],[-96.91712,28.37044],[-96.91748,28.36953],[-96.91763,28.36915],[-96.9178,28.36873],[-96.91792,28.36843],[-96.91859,28.36675],[-96.91915,28.36538],[-96.91997,28.36328],[-96.92096,28.3608],[-96.92126,28.36005],[-96.92175,28.35881],[-96.92192,28.35838],[-96.92261,28.35664],[-96.92335,28.35479],[-96.92409,28.35291],[-96.92498,28.35073],[-96.92552,28.34932],[-96.92555,28.34924],[-96.9263,28.3474],[-96.92637,28.34725],[-96.92815,28.34275],[-96.92967,28.33894],[-96.93055,28.33672],[-96.93096,28.3357],[-96.93359,28.32904],[-96.93368,28.32881],[-96.93551,28.32425],[-96.93554,28.32417],[-96.93567,28.32383],[-96.93607,28.32281],[-96.9362,28.32247],[-96.93645,28.32183],[-96.93721,28.31992],[-96.93746,28.31928],[-96.93752,28.31913],[-96.93971,28.31364],[-96.94111,28.31012],[-96.94373,28.30349],[-96.94622,28.29722],[-96.94629,28.29706],[-96.94705,28.29513],[-96.94934,28.28935],[-96.95011,28.28743],[-96.95017,28.28728],[-96.95025,28.28707],[-96.95043,28.28663],[-96.95047,28.28653],[-96.95095,28.28537],[-96.95118,28.28474],[-96.95171,28.28345],[-96.95182,28.28314],[-96.9522,28.28218],[-96.95239,28.28171],[-96.95272,28.28088],[-96.95284,28.28064],[-96.95305,28.28018],[-96.95328,28.27978],[-96.95346,28.27944],[-96.95377,28.27895],[-96.95406,28.27849],[-96.9544,28.27802],[-96.95496,28.27732],[-96.95528,28.27696],[-96.95562,28.27657],[-96.95643,28.27579],[-96.95659,28.27564],[-96.95742,28.27492],[-96.95828,28.27427],[-96.95974,28.27314],[-96.96026,28.27275],[-96.96065,28.27245],[-96.96096,28.27222],[-96.96103,28.27217],[-96.96148,28.27182],[-96.96196,28.27145],[-96.96316,28.27058],[-96.96355,28.27027],[-96.96406,28.26987],[-96.96451,28.26955],[-96.96478,28.26934],[-96.96536,28.26887],[-96.96558,28.2687],[-96.96575,28.26855],[-96.96606,28.26823],[-96.96636,28.26794],[-96.96661,28.26762],[-96.96699,28.26712],[-96.96716,28.26681],[-96.96753,28.26617],[-96.96807,28.26506],[-96.96867,28.26389],[-96.96932,28.26259],[-96.96994,28.26137],[-96.97034,28.26054],[-96.97076,28.25974],[-96.97118,28.25891],[-96.97171,28.25786],[-96.97214,28.25699],[-96.97221,28.25684],[-96.97246,28.25635],[-96.97258,28.25612],[-96.97321,28.25486],[-96.97346,28.25436],[-96.97348,28.25433],[-96.97447,28.25237],[-96.97569,28.24994],[-96.97624,28.24888],[-96.97675,28.24785],[-96.97727,28.24683],[-96.97781,28.24573],[-96.97824,28.24485],[-96.9787,28.24394],[-96.98003,28.24132],[-96.98065,28.24007],[-96.98138,28.23861],[-96.98184,28.23772],[-96.98185,28.2377],[-96.98238,28.23665],[-96.98295,28.23554],[-96.98341,28.23459],[-96.98392,28.23359],[-96.98442,28.23259],[-96.98511,28.23121],[-96.98519,28.23101],[-96.98531,28.23064],[-96.9854,28.23036],[-96.98551,28.22985],[-96.98568,28.22901],[-96.98586,28.22807],[-96.98597,28.22751],[-96.98609,28.22685],[-96.98627,28.22583],[-96.98631,28.22565],[-96.98638,28.22527],[-96.98649,28.22469],[-96.98661,28.2241],[-96.98685,28.22294],[-96.98689,28.22274],[-96.98696,28.22235],[-96.98706,28.22177],[-96.98709,28.22159],[-96.9873,28.22043],[-96.98747,28.21952],[-96.98752,28.21931],[-96.98764,28.21875],[-96.98767,28.21855],[-96.98769,28.21848],[-96.98769,28.21846],[-96.98771,28.21838],[-96.98772,28.21829],[-96.98773,28.21827],[-96.98774,28.2182],[-96.98788,28.21746],[-96.98789,28.21743],[-96.98796,28.21708],[-96.98806,28.21651],[-96.98809,28.21632],[-96.98838,28.21478],[-96.98851,28.21406],[-96.98877,28.2127],[-96.98901,28.21142],[-96.98903,28.21132],[-96.98928,28.21006],[-96.98934,28.20973],[-96.98955,28.20862],[-96.98978,28.20747],[-96.98979,28.2074],[-96.99001,28.20613],[-96.99023,28.205],[-96.9905,28.20355],[-96.99107,28.2004],[-96.99109,28.20032],[-96.99138,28.19891],[-96.99154,28.19807],[-96.99163,28.19762],[-96.99192,28.19608],[-96.99197,28.1958],[-96.99231,28.19419],[-96.99253,28.19288],[-96.99284,28.19127],[-96.99306,28.1901],[-96.99344,28.18811],[-96.99345,28.18807],[-96.99354,28.1876],[-96.9938,28.18629],[-96.99384,28.18607],[-96.99393,28.18556],[-96.994,28.18515],[-96.99423,28.18396],[-96.99436,28.18325],[-96.99473,28.18124],[-96.995,28.17994],[-96.99524,28.17862],[-96.99567,28.17633],[-96.99591,28.17507],[-96.99612,28.17402],[-96.99613,28.17395],[-96.99619,28.17368],[-96.99636,28.17281],[-96.99649,28.17234],[-96.99659,28.17201],[-96.99694,28.17088],[-96.99754,28.16896],[-96.99776,28.16815],[-96.99802,28.16734],[-96.99809,28.16709],[-96.99829,28.16646],[-96.99854,28.16559],[-96.99857,28.16544],[-96.99859,28.16542],[-96.99864,28.16528],[-96.99873,28.16499],[-96.99905,28.16388],[-96.99911,28.1637],[-96.99924,28.16327],[-96.99963,28.16201],[-97.00072,28.15851],[-97.00079,28.15827],[-97.00081,28.15821],[-97.00119,28.15695],[-97.00161,28.15557],[-97.00223,28.15353],[-97.00267,28.15204],[-97.00286,28.15144],[-97.00322,28.15027],[-97.00329,28.15006],[-97.00338,28.14974],[-97.00358,28.14913],[-97.00368,28.14883],[-97.00398,28.14773],[-97.00406,28.14711],[-97.00407,28.14649],[-97.00408,28.14627],[-97.00413,28.1453],[-97.00413,28.14524],[-97.00414,28.14504],[-97.00414,28.14498],[-97.00415,28.14469],[-97.00416,28.14462],[-97.00418,28.14432],[-97.00423,28.14402],[-97.00428,28.14382],[-97.00435,28.14358],[-97.00436,28.14354],[-97.00445,28.14329],[-97.00461,28.14289],[-97.00469,28.14272],[-97.00489,28.14232],[-97.00515,28.14187],[-97.00563,28.1412],[-97.00592,28.14074],[-97.0061,28.14047],[-97.0066,28.13973],[-97.00663,28.13968],[-97.00666,28.13964],[-97.00671,28.13956],[-97.00685,28.13934],[-97.0069,28.13927],[-97.00694,28.13921],[-97.00708,28.13899],[-97.00762,28.13816],[-97.00769,28.13804],[-97.00779,28.13788],[-97.00785,28.13778],[-97.00835,28.13682],[-97.00889,28.13592],[-97.00965,28.13478],[-97.01636,28.12529],[-97.01739,28.12383],[-97.01791,28.12307],[-97.01796,28.123],[-97.01802,28.12291],[-97.0186,28.12209],[-97.01991,28.12021],[-97.0207,28.11908],[-97.02145,28.11807],[-97.02197,28.11733],[-97.02257,28.11651],[-97.02305,28.11582],[-97.02323,28.11555],[-97.02453,28.11372],[-97.02454,28.1137],[-97.02472,28.11345],[-97.02492,28.11317],[-97.02515,28.11286],[-97.02554,28.11236],[-97.02576,28.11209],[-97.02607,28.11171],[-97.02619,28.11157],[-97.02643,28.11129],[-97.02651,28.1112],[-97.02672,28.11092],[-97.02715,28.1104],[-97.02735,28.11008],[-97.02742,28.10997],[-97.02776,28.10939],[-97.02781,28.10929],[-97.02791,28.1091],[-97.02816,28.1086],[-97.02834,28.10824],[-97.02835,28.10822],[-97.02849,28.10795],[-97.02868,28.10746],[-97.02872,28.10739],[-97.02943,28.10595],[-97.02952,28.10575],[-97.02978,28.1052],[-97.02981,28.10515],[-97.02988,28.105],[-97.0299,28.10495],[-97.02994,28.10487],[-97.03004,28.10465],[-97.03008,28.10457],[-97.03008,28.10456],[-97.0301,28.10453],[-97.0301,28.10452],[-97.03027,28.10418],[-97.03063,28.10346],[-97.03065,28.1034],[-97.03077,28.10317],[-97.03094,28.10283],[-97.031,28.1027],[-97.03119,28.10231],[-97.03125,28.10219],[-97.03132,28.10206],[-97.03136,28.10198],[-97.0316,28.10144],[-97.03165,28.10134],[-97.03175,28.10113],[-97.03177,28.10109],[-97.03183,28.10096],[-97.03186,28.10092],[-97.03189,28.10084],[-97.03205,28.10052],[-97.03218,28.10027],[-97.03261,28.09934],[-97.03262,28.09932],[-97.03281,28.09893],[-97.03286,28.09882],[-97.03302,28.09851],[-97.03307,28.0984],[-97.03311,28.09833],[-97.03319,28.09816],[-97.03322,28.0981],[-97.03325,28.09803],[-97.03332,28.09788],[-97.0334,28.09771],[-97.03355,28.09739],[-97.03386,28.09678],[-97.03401,28.09647],[-97.03412,28.09623],[-97.03446,28.09554],[-97.03458,28.09531],[-97.03462,28.09523],[-97.03473,28.09499],[-97.03477,28.09491],[-97.0348,28.09487],[-97.03482,28.09481],[-97.03484,28.09478],[-97.03486,28.09473],[-97.03488,28.09468],[-97.0349,28.09464],[-97.03496,28.09452],[-97.03498,28.09449],[-97.03502,28.09439],[-97.03516,28.09409],[-97.03521,28.094],[-97.0353,28.09381],[-97.03537,28.09366],[-97.03548,28.09344],[-97.0356,28.0932],[-97.03569,28.09301],[-97.03634,28.09166],[-97.03648,28.09138],[-97.0365,28.09133],[-97.03657,28.09118],[-97.03659,28.09113],[-97.03668,28.09095],[-97.03677,28.09077],[-97.03693,28.09042],[-97.03701,28.09024],[-97.03708,28.09009],[-97.0371,28.09004],[-97.03721,28.08982],[-97.03726,28.08964],[-97.03726,28.08962],[-97.03729,28.08948],[-97.03732,28.08936],[-97.03735,28.08923],[-97.0374,28.08901],[-97.03743,28.08889],[-97.03747,28.08871],[-97.0376,28.08819],[-97.03761,28.08816],[-97.03764,28.08797],[-97.03766,28.08788],[-97.03771,28.08761],[-97.03775,28.08742],[-97.0378,28.08715],[-97.03782,28.08706],[-97.03785,28.08691],[-97.03794,28.08647],[-97.03797,28.08633],[-97.03801,28.08615],[-97.03802,28.08609],[-97.0381,28.0857],[-97.03812,28.08561],[-97.03816,28.08543],[-97.03818,28.08532],[-97.03826,28.08498],[-97.03828,28.08487],[-97.03832,28.08469],[-97.03844,28.08418],[-97.03846,28.0841],[-97.03847,28.08401],[-97.03848,28.08395],[-97.03851,28.08378],[-97.03853,28.08372],[-97.03853,28.08367],[-97.03856,28.08353],[-97.03857,28.08348],[-97.03858,28.08345],[-97.03858,28.08341],[-97.0386,28.08334],[-97.03861,28.0833],[-97.03866,28.08307],[-97.03876,28.08266],[-97.0388,28.08239],[-97.03884,28.08216],[-97.0389,28.08192],[-97.03905,28.0812],[-97.03911,28.08096],[-97.03912,28.08088],[-97.03914,28.08082],[-97.03917,28.08065],[-97.03919,28.08057],[-97.0392,28.0805],[-97.03924,28.0803],[-97.03926,28.08023],[-97.03926,28.08021],[-97.03928,28.08014],[-97.03928,28.08011],[-97.0393,28.08003],[-97.03931,28.08],[-97.03931,28.07997],[-97.03933,28.0799],[-97.03934,28.07987],[-97.03936,28.07976],[-97.03944,28.07941],[-97.03946,28.0793],[-97.03948,28.0792],[-97.03957,28.07883],[-97.03958,28.07876],[-97.0396,28.07868],[-97.03963,28.07857],[-97.03964,28.0785],[-97.03965,28.07846],[-97.03968,28.07832],[-97.03969,28.07828],[-97.03971,28.0782],[-97.03976,28.07795],[-97.03978,28.07787],[-97.03979,28.07783],[-97.03981,28.07772],[-97.03982,28.07768],[-97.03983,28.07764],[-97.03985,28.07754],[-97.03986,28.07751],[-97.03986,28.07748],[-97.03987,28.07743],[-97.03988,28.07738],[-97.03989,28.07735],[-97.0399,28.07728],[-97.03994,28.07707],[-97.03996,28.07699],[-97.04001,28.07672],[-97.04007,28.07642],[-97.04009,28.07633],[-97.04011,28.07623],[-97.04018,28.07591],[-97.04025,28.07564],[-97.0403,28.07542],[-97.04045,28.07475],[-97.0405,28.07453],[-97.0406,28.07401],[-97.04065,28.07375],[-97.04071,28.07344],[-97.04074,28.07332],[-97.04079,28.07307],[-97.04091,28.07254],[-97.04092,28.07251],[-97.04093,28.07246],[-97.04104,28.07194],[-97.04111,28.07159],[-97.04116,28.07136],[-97.04124,28.07103],[-97.04125,28.0709],[-97.0413,28.07053],[-97.04133,28.07029],[-97.04133,28.07026],[-97.04134,28.07018],[-97.04134,28.07013],[-97.04135,28.07006],[-97.04135,28.07],[-97.04135,28.06996],[-97.04135,28.06987],[-97.04135,28.06981],[-97.04135,28.06973],[-97.04135,28.06959],[-97.04135,28.06949],[-97.04134,28.06944],[-97.04134,28.06926],[-97.04134,28.06921],[-97.04133,28.06894],[-97.04133,28.06868],[-97.04131,28.06723],[-97.0413,28.0671],[-97.04128,28.06658],[-97.04127,28.06633],[-97.04126,28.06579],[-97.04127,28.06557],[-97.04127,28.06532],[-97.04126,28.06507],[-97.04125,28.06432],[-97.04125,28.06426],[-97.04123,28.06407],[-97.04122,28.06381],[-97.0412,28.06304],[-97.04119,28.06278],[-97.04115,28.06147],[-97.04115,28.06121],[-97.04116,28.06043],[-97.04117,28.06017],[-97.04118,28.05987],[-97.04118,28.05984],[-97.04121,28.05942],[-97.04126,28.0591],[-97.04131,28.05886],[-97.04138,28.05853],[-97.04145,28.05821],[-97.04146,28.05818],[-97.04151,28.05785],[-97.04153,28.05755],[-97.04154,28.05723],[-97.04154,28.05721],[-97.04155,28.05691],[-97.04155,28.05633],[-97.04155,28.0563],[-97.04156,28.05514],[-97.04156,28.05488],[-97.04156,28.0543],[-97.04156,28.05407],[-97.04154,28.05389],[-97.04154,28.05375],[-97.04154,28.05332],[-97.04153,28.05317],[-97.04153,28.05287],[-97.04153,28.05277],[-97.04155,28.05195],[-97.04155,28.05168],[-97.04161,28.05127],[-97.04173,28.05075],[-97.04191,28.05003],[-97.04202,28.04955],[-97.0424,28.0481],[-97.0425,28.04738],[-97.0425,28.04701],[-97.04249,28.04642],[-97.04249,28.04606],[-97.0425,28.04589],[-97.0425,28.04582],[-97.0425,28.04553],[-97.0425,28.04516],[-97.0425,28.0438],[-97.0425,28.043],[-97.04249,28.04251],[-97.04249,28.04178],[-97.0425,28.04126],[-97.0425,28.04054],[-97.04249,28.0403],[-97.04249,28.03965],[-97.04249,28.0392],[-97.04249,28.03844],[-97.04247,28.0379],[-97.04248,28.03762],[-97.0425,28.03691],[-97.04252,28.0367],[-97.04253,28.03653],[-97.04262,28.03625],[-97.04275,28.03585],[-97.0429,28.0355],[-97.04302,28.03528],[-97.0433,28.03486],[-97.04346,28.03467],[-97.04367,28.0344],[-97.04397,28.03402],[-97.0443,28.0336],[-97.04443,28.03344],[-97.04481,28.03296],[-97.04494,28.0328],[-97.04506,28.03267],[-97.04507,28.03265],[-97.04547,28.03218],[-97.0456,28.03203],[-97.04572,28.03188],[-97.04599,28.03154],[-97.04623,28.03132],[-97.04629,28.03125],[-97.04647,28.03104],[-97.04653,28.03096],[-97.04666,28.03079],[-97.04721,28.03011],[-97.04722,28.03009],[-97.04727,28.03003],[-97.04729,28.03001],[-97.04744,28.02983],[-97.04751,28.02976],[-97.04785,28.0293],[-97.04788,28.02925],[-97.04801,28.02905],[-97.04812,28.02889],[-97.04845,28.02842],[-97.04857,28.02826],[-97.04858,28.02825],[-97.0486,28.0282],[-97.04861,28.02819],[-97.04878,28.02795],[-97.04903,28.02773],[-97.04906,28.02771],[-97.0492,28.02762],[-97.04935,28.02753],[-97.04963,28.02742],[-97.04984,28.02736],[-97.05002,28.02733],[-97.05008,28.02733],[-97.05034,28.02732],[-97.0504,28.02731],[-97.05044,28.02732],[-97.05065,28.02732],[-97.05126,28.0273],[-97.05146,28.0273],[-97.05167,28.0273],[-97.05228,28.02729],[-97.05248,28.02729],[-97.05269,28.02729],[-97.0533,28.02729],[-97.05351,28.02729],[-97.05351,28.0271],[-97.05351,28.02653],[-97.05352,28.02634],[-97.05352,28.02616],[-97.05352,28.02563],[-97.05352,28.02546],[-97.05352,28.02527],[-97.05352,28.02471],[-97.05352,28.02453],[-97.05351,28.02435],[-97.05348,28.02366],[-97.0535,28.02352],[-97.05354,28.02311],[-97.05356,28.02297],[-97.05362,28.02284],[-97.05381,28.02246],[-97.05387,28.02233],[-97.05387,28.0223],[-97.05388,28.02222],[-97.05388,28.0222],[-97.05394,28.02204],[-97.05412,28.02157],[-97.05418,28.02141],[-97.05426,28.02123],[-97.05448,28.02069],[-97.05455,28.02052],[-97.05461,28.02036],[-97.05487,28.01972],[-97.05491,28.01962],[-97.05504,28.01932],[-97.05508,28.01922],[-97.05525,28.01875],[-97.05555,28.01797],[-97.0558,28.01735],[-97.05599,28.01689],[-97.05601,28.01684],[-97.05607,28.0167],[-97.05609,28.01665],[-97.05616,28.01646],[-97.05639,28.01588],[-97.05647,28.01569],[-97.05649,28.01562],[-97.05651,28.01559],[-97.05657,28.01541],[-97.05659,28.01534],[-97.05666,28.01517],[-97.05687,28.01466],[-97.05694,28.01449],[-97.05697,28.0144],[-97.05707,28.01414],[-97.0571,28.01405],[-97.05716,28.0139],[-97.05734,28.01346],[-97.0574,28.01331],[-97.05744,28.0132],[-97.05756,28.01288],[-97.05761,28.01277],[-97.05763,28.01272],[-97.05768,28.0126],[-97.05813,28.01142],[-97.05824,28.01116],[-97.05827,28.01107],[-97.05833,28.01092],[-97.05856,28.01036],[-97.05867,28.0101],[-97.05877,28.00985],[-97.05885,28.00969],[-97.05907,28.00912],[-97.05917,28.00887],[-97.05928,28.0086],[-97.05963,28.00779],[-97.05975,28.00752],[-97.05985,28.00727],[-97.06004,28.00683],[-97.06015,28.00651],[-97.06024,28.00625],[-97.06033,28.00603],[-97.0606,28.00537],[-97.0607,28.00516],[-97.06077,28.00499],[-97.06078,28.00498],[-97.06095,28.00477],[-97.0611,28.00461],[-97.06113,28.00459],[-97.06126,28.00449],[-97.06127,28.00448],[-97.06135,28.00443],[-97.06143,28.00438],[-97.06157,28.0043],[-97.06162,28.00427],[-97.06165,28.00425],[-97.06177,28.0042],[-97.06179,28.00419],[-97.06195,28.00415],[-97.062,28.00414],[-97.06214,28.00412],[-97.06219,28.00411],[-97.06227,28.00411],[-97.06236,28.0041],[-97.06248,28.00411],[-97.06257,28.00411],[-97.06275,28.00414],[-97.06309,28.00423],[-97.06312,28.00423],[-97.06332,28.0043],[-97.06354,28.00437],[-97.06392,28.00448],[-97.06405,28.00449],[-97.06419,28.00451],[-97.06421,28.00451],[-97.0644,28.0045],[-97.06443,28.00449],[-97.06448,28.00448],[-97.06458,28.00447],[-97.06462,28.00446],[-97.06466,28.00445],[-97.06477,28.00443],[-97.06497,28.00436],[-97.06516,28.00428],[-97.0653,28.0042],[-97.06549,28.00407],[-97.06578,28.00382],[-97.06601,28.0036],[-97.06608,28.00354],[-97.06628,28.00336],[-97.0663,28.00334],[-97.06636,28.00326],[-97.06641,28.00322],[-97.06701,28.00264],[-97.06724,28.00241],[-97.06756,28.00211],[-97.06792,28.00179],[-97.06813,28.00163],[-97.06818,28.00158],[-97.06822,28.00154],[-97.06827,28.00149],[-97.0687,28.00108],[-97.06939,28.00051],[-97.06953,28.00039],[-97.06976,28.00018],[-97.07044,27.99955],[-97.07067,27.99933],[-97.07108,27.99897],[-97.07146,27.99862],[-97.07231,27.99786],[-97.07272,27.9975],[-97.0728,27.99743],[-97.07303,27.99722],[-97.07311,27.99715],[-97.07371,27.9966],[-97.07405,27.99629],[-97.07523,27.99524],[-97.07568,27.99484],[-97.07676,27.99384],[-97.07689,27.99372],[-97.0778,27.99282],[-97.07785,27.99276],[-97.078,27.99257],[-97.07805,27.99251],[-97.07848,27.99197],[-97.07976,27.99036],[-97.08019,27.98982],[-97.08075,27.9891],[-97.08242,27.98695],[-97.08298,27.98624],[-97.0833,27.98582],[-97.08426,27.98457],[-97.08459,27.98415],[-97.08466,27.98405],[-97.08483,27.98385],[-97.08525,27.98332],[-97.08626,27.982],[-97.08714,27.98088],[-97.08721,27.98079],[-97.08787,27.97995],[-97.08835,27.97932],[-97.08913,27.97832],[-97.08915,27.97829],[-97.09106,27.97584],[-97.093,27.97332],[-97.09429,27.97166],[-97.09442,27.9715],[-97.09467,27.97117],[-97.09482,27.97099],[-97.09495,27.97082],[-97.09525,27.97043],[-97.09615,27.96928],[-97.09617,27.96926],[-97.09648,27.96886],[-97.09669,27.96859],[-97.09733,27.96776],[-97.09754,27.96749],[-97.09852,27.96623],[-97.09874,27.96595],[-97.09958,27.96487],[-97.09964,27.96479],[-97.10023,27.96402],[-97.10026,27.96399],[-97.10044,27.96376],[-97.10057,27.96359],[-97.10079,27.96331],[-97.10086,27.96322],[-97.10121,27.96277],[-97.10145,27.96246],[-97.10172,27.96211],[-97.10178,27.96204],[-97.10205,27.96169],[-97.10324,27.96017],[-97.10332,27.96007],[-97.10359,27.95971],[-97.10383,27.9594],[-97.10401,27.95917],[-97.1042,27.9589],[-97.10493,27.9579],[-97.10505,27.95772],[-97.10528,27.95738],[-97.10563,27.95687],[-97.10615,27.95611],[-97.10665,27.95539],[-97.10671,27.9553],[-97.10761,27.954],[-97.10772,27.95384],[-97.10825,27.95308],[-97.10839,27.95287],[-97.10883,27.95224],[-97.10898,27.95203],[-97.10902,27.95198],[-97.10903,27.95195],[-97.10919,27.95172],[-97.10925,27.95164],[-97.10935,27.95149],[-97.10966,27.95106],[-97.10976,27.95091],[-97.10995,27.95064],[-97.11052,27.94981],[-97.11071,27.94953],[-97.11088,27.94929],[-97.11138,27.94857],[-97.11154,27.94833],[-97.11166,27.94816],[-97.11202,27.94764],[-97.11214,27.94747],[-97.11294,27.94631],[-97.11533,27.94283],[-97.11613,27.94167],[-97.11637,27.94132],[-97.11709,27.94029],[-97.11726,27.94004],[-97.11733,27.93994],[-97.1179,27.93912],[-97.11904,27.9375],[-97.11961,27.93668],[-97.12017,27.93586],[-97.1203,27.93568],[-97.12068,27.93514],[-97.12081,27.93496],[-97.12132,27.93422],[-97.12213,27.93304],[-97.12285,27.932],[-97.12306,27.9317],[-97.12336,27.93127],[-97.12411,27.93019],[-97.12635,27.92694],[-97.1271,27.92586],[-97.12728,27.9256],[-97.12781,27.92483],[-97.12799,27.92458],[-97.12818,27.92431],[-97.12874,27.9235],[-97.12893,27.92323],[-97.12903,27.92308],[-97.12935,27.92263],[-97.12945,27.92248],[-97.1296,27.92229],[-97.12981,27.92202],[-97.13007,27.92175],[-97.13023,27.92157],[-97.1304,27.92142],[-97.13086,27.92099],[-97.13089,27.92097],[-97.13107,27.92084],[-97.13121,27.92074],[-97.13164,27.92043],[-97.13174,27.92036],[-97.13179,27.92033],[-97.13192,27.92025],[-97.13208,27.92016],[-97.13233,27.92003],[-97.13246,27.91995],[-97.13271,27.91982],[-97.13346,27.91941],[-97.13371,27.91928],[-97.13378,27.91932],[-97.13408,27.91949],[-97.13413,27.91938],[-97.13427,27.91907],[-97.13427,27.91905],[-97.13428,27.91901],[-97.13427,27.91893],[-97.13479,27.91847],[-97.13532,27.91802],[-97.13569,27.91751],[-97.13573,27.91746],[-97.13612,27.91689],[-97.13652,27.91632],[-97.13657,27.91624],[-97.13673,27.91601],[-97.13679,27.91593],[-97.13684,27.91586],[-97.13699,27.91563],[-97.13705,27.91556],[-97.1371,27.91548],[-97.13727,27.91524],[-97.13733,27.91516],[-97.13748,27.91494],[-97.13794,27.91427],[-97.1381,27.91404],[-97.13825,27.91381],[-97.13873,27.91313],[-97.13889,27.9129],[-97.13899,27.91274],[-97.13908,27.91261],[-97.13921,27.91234],[-97.13934,27.91211],[-97.13946,27.91191],[-97.1396,27.91171],[-97.13977,27.91148],[-97.1398,27.91144],[-97.14046,27.91064],[-97.14067,27.91036],[-97.14112,27.91151],[-97.14112,27.91152],[-97.14113,27.91154],[-97.14215,27.9125],[-97.14285,27.91353],[-97.14361,27.91452],[-97.14431,27.91545],[-97.14431,27.91547],[-97.1444,27.91557],[-97.14446,27.91565],[-97.14486,27.91622],[-97.145,27.91641],[-97.14514,27.91661],[-97.14556,27.9172],[-97.14571,27.9174],[-97.14631,27.91825],[-97.14647,27.91846],[-97.1466,27.91864],[-97.14699,27.9192],[-97.14713,27.91938],[-97.14724,27.91954],[-97.14759,27.92002],[-97.1477,27.92018],[-97.14785,27.92038],[-97.14827,27.92098],[-97.14842,27.92118],[-97.14844,27.9212],[-97.14855,27.92136],[-97.14894,27.92189],[-97.14907,27.92207],[-97.14917,27.9222],[-97.14946,27.9226],[-97.14956,27.92273],[-97.14961,27.92279],[-97.14962,27.92281],[-97.14974,27.92296],[-97.15008,27.92342],[-97.15019,27.92358],[-97.15042,27.92388],[-97.15055,27.92406],[-97.15162,27.92551],[-97.15198,27.926],[-97.15207,27.92612],[-97.15236,27.92651],[-97.15245,27.92664],[-97.15254,27.92675],[-97.15281,27.92711],[-97.15289,27.92723],[-97.15337,27.92788],[-97.15419,27.92899],[-97.15426,27.92908],[-97.1544,27.92928],[-97.15478,27.92873],[-97.15602,27.92707],[-97.15635,27.92665],[-97.15672,27.92625],[-97.15709,27.92586],[-97.15764,27.92538],[-97.1583,27.92493],[-97.15879,27.92465],[-97.15918,27.92445],[-97.15946,27.92431],[-97.15952,27.92428],[-97.15989,27.92411],[-97.1603,27.92394],[-97.16075,27.92378],[-97.16165,27.92345],[-97.1624,27.92318],[-97.16259,27.92312],[-97.16277,27.92308],[-97.16314,27.923],[-97.16333,27.92297],[-97.16353,27.92294],[-97.16374,27.92292],[-97.16416,27.92288],[-97.16441,27.92287],[-97.16467,27.92286],[-97.16508,27.92287],[-97.16529,27.92288],[-97.16572,27.92293],[-97.16605,27.92297],[-97.16628,27.92302],[-97.16648,27.92306],[-97.16687,27.92317],[-97.16716,27.92325],[-97.16746,27.92332],[-97.16794,27.92354],[-97.16825,27.92369],[-97.16834,27.92374],[-97.16863,27.92388],[-97.16935,27.92428],[-97.16961,27.92443],[-97.17473,27.9272],[-97.17478,27.92723],[-97.17481,27.92724],[-97.17483,27.92726],[-97.1749,27.92729],[-97.17498,27.92717],[-97.17507,27.92705],[-97.17536,27.92667],[-97.17542,27.92658],[-97.17648,27.92519],[-97.17684,27.92472],[-97.17723,27.92419],[-97.17769,27.92358],[-97.17843,27.92262],[-97.17883,27.92209],[-97.17889,27.92201],[-97.17906,27.92178],[-97.17912,27.9217],[-97.1794,27.92134],[-97.18021,27.92024],[-97.18026,27.92018],[-97.1803,27.92011],[-97.18049,27.91988],[-97.18068,27.91965],[-97.18123,27.91894],[-97.18142,27.91871],[-97.1816,27.91849],[-97.18188,27.91811],[-97.18246,27.91733],[-97.18323,27.91629],[-97.1835,27.91593],[-97.18367,27.91568],[-97.18412,27.91507],[-97.18454,27.9145],[-97.18548,27.91326],[-97.18594,27.91266],[-97.18616,27.91235],[-97.18684,27.91144],[-97.18707,27.91114],[-97.18729,27.91084],[-97.18797,27.90994],[-97.1882,27.90964],[-97.18855,27.90918],[-97.18958,27.9078],[-97.18992,27.90734],[-97.18993,27.90733],[-97.18996,27.90729],[-97.18997,27.90728],[-97.19001,27.90723],[-97.19013,27.90706],[-97.19017,27.90701],[-97.19033,27.9068],[-97.19036,27.90675],[-97.19038,27.90674],[-97.19041,27.90669],[-97.19043,27.90667],[-97.19043,27.90666],[-97.19046,27.90663],[-97.19047,27.90662],[-97.19073,27.90626],[-97.19154,27.90518],[-97.19181,27.90483],[-97.192,27.90458],[-97.19256,27.90383],[-97.19275,27.90358],[-97.19289,27.90339],[-97.19332,27.90281],[-97.19347,27.90262],[-97.19376,27.90224],[-97.19377,27.90222],[-97.19426,27.90157],[-97.19494,27.90067],[-97.19501,27.90057],[-97.19502,27.90056],[-97.19503,27.90054],[-97.19516,27.90037],[-97.1961,27.89911],[-97.19728,27.89754],[-97.19955,27.89451],[-97.19972,27.89427],[-97.20026,27.89356],[-97.2003,27.89351],[-97.20044,27.89333],[-97.20046,27.8933],[-97.20053,27.8932],[-97.20055,27.89318],[-97.2008,27.89284],[-97.20155,27.89183],[-97.2018,27.89149],[-97.20226,27.89089],[-97.20288,27.89009],[-97.20362,27.88907],[-97.20407,27.88847],[-97.20444,27.88798],[-97.20449,27.88791],[-97.20451,27.88789],[-97.20455,27.88784],[-97.2047,27.88764],[-97.20582,27.88615],[-97.20626,27.88557],[-97.2063,27.88552],[-97.20641,27.88535],[-97.20645,27.8853],[-97.20654,27.88519],[-97.20679,27.88487],[-97.20687,27.88476],[-97.20699,27.8846],[-97.20737,27.8841],[-97.20749,27.88394],[-97.20757,27.88382],[-97.20758,27.88381],[-97.20784,27.88347],[-97.20793,27.88335],[-97.20801,27.88324],[-97.20825,27.88292],[-97.20833,27.88281],[-97.20836,27.88276],[-97.20843,27.88268],[-97.20846,27.88263],[-97.20849,27.88259],[-97.20854,27.88253],[-97.20868,27.88234],[-97.20872,27.88228],[-97.20885,27.88211],[-97.20922,27.8816],[-97.20934,27.88143],[-97.21107,27.88235],[-97.21277,27.88324],[-97.21388,27.88388],[-97.21494,27.88448],[-97.21527,27.88466],[-97.21569,27.88486],[-97.21615,27.88501],[-97.21661,27.88514],[-97.21703,27.88523],[-97.21779,27.88532],[-97.21812,27.88533],[-97.21814,27.88533],[-97.21874,27.88531],[-97.21911,27.88526],[-97.21936,27.88522],[-97.21956,27.88519],[-97.21981,27.88514],[-97.22166,27.8861],[-97.22216,27.88637],[-97.22226,27.88642],[-97.23049,27.89075],[-97.23057,27.8908],[-97.23325,27.89217],[-97.23329,27.89209],[-97.23335,27.89199],[-97.23338,27.89194],[-97.23479,27.89268],[-97.23465,27.89291],[-97.23707,27.89418],[-97.23803,27.89468],[-97.24018,27.89581],[-97.2451,27.89839],[-97.24665,27.8992],[-97.24881,27.90033],[-97.24906,27.90046],[-97.24984,27.90087],[-97.2501,27.90101],[-97.25202,27.90203],[-97.25369,27.90292],[-97.25655,27.90441],[-97.25779,27.90506],[-97.25972,27.90606],[-97.26161,27.90705],[-97.26335,27.90798],[-97.26537,27.90906],[-97.26637,27.90959],[-97.27134,27.91217],[-97.27275,27.91291],[-97.27428,27.9137],[-97.27485,27.91399],[-97.27792,27.91561],[-97.27793,27.91564],[-97.27796,27.91571],[-97.27799,27.91577],[-97.27803,27.91582],[-97.27807,27.91586],[-97.2781,27.91588],[-97.27821,27.91597],[-97.27835,27.91606],[-97.27849,27.91614],[-97.27855,27.91617],[-97.27877,27.91628],[-97.27887,27.91634],[-97.27893,27.91637],[-97.27921,27.91653],[-97.2794,27.91663],[-97.27998,27.91694],[-97.28018,27.91704],[-97.28032,27.91712],[-97.28041,27.91717],[-97.28067,27.91704],[-97.2809,27.91693],[-97.28152,27.9167],[-97.28213,27.91652],[-97.28277,27.91623],[-97.28366,27.91596],[-97.28464,27.9157],[-97.2856,27.9155],[-97.28669,27.9153],[-97.28812,27.91517],[-97.28905,27.9151],[-97.29048,27.91497],[-97.29059,27.91497],[-97.29172,27.91487],[-97.29173,27.91487],[-97.29444,27.91462],[-97.29489,27.91458],[-97.29516,27.91453],[-97.29527,27.91434],[-97.29537,27.91419],[-97.29554,27.91395],[-97.29558,27.91388],[-97.29634,27.91278],[-97.29661,27.91238],[-97.29678,27.91245],[-97.29684,27.91255],[-97.29699,27.91223],[-97.29703,27.91215],[-97.29712,27.912],[-97.29722,27.91186],[-97.29753,27.91133],[-97.29776,27.91108],[-97.29839,27.91037],[-97.29885,27.90977],[-97.29914,27.90934],[-97.29931,27.9091],[-97.29941,27.90896],[-97.29965,27.90862],[-97.30017,27.90779],[-97.30041,27.90739],[-97.30047,27.90731],[-97.30066,27.90702],[-97.30139,27.90592],[-97.30164,27.90555],[-97.30179,27.90532],[-97.30185,27.90524],[-97.30209,27.90492],[-97.30248,27.90439],[-97.30342,27.90329],[-97.30355,27.9031],[-97.30357,27.90308],[-97.30406,27.90247],[-97.30433,27.90212],[-97.30475,27.90152],[-97.30516,27.90093],[-97.30582,27.89992],[-97.30671,27.89859],[-97.30702,27.89812],[-97.30737,27.89762],[-97.3074,27.89756],[-97.30743,27.89753],[-97.30751,27.89741],[-97.30754,27.89736],[-97.30744,27.8973],[-97.30713,27.89714],[-97.30703,27.89708],[-97.30549,27.89629],[-97.30442,27.89563],[-97.30405,27.89533],[-97.3037,27.89481],[-97.30335,27.89419],[-97.30322,27.89383],[-97.30311,27.89341],[-97.30305,27.89293],[-97.3031,27.89161],[-97.30321,27.88925],[-97.30327,27.88754],[-97.30334,27.88587],[-97.30339,27.88446],[-97.30343,27.88348],[-97.30345,27.88322],[-97.30347,27.88293],[-97.3035,27.88271],[-97.30354,27.8825],[-97.30357,27.88242],[-97.30361,27.8823],[-97.30366,27.88217],[-97.30376,27.88194],[-97.30408,27.88138],[-97.30414,27.88129],[-97.30427,27.88108],[-97.30436,27.88094],[-97.30462,27.8805],[-97.30462,27.88049],[-97.30468,27.88038],[-97.3047,27.88036],[-97.30474,27.8803],[-97.30486,27.88012],[-97.3049,27.88006],[-97.305,27.87991],[-97.30508,27.87982],[-97.30515,27.87975],[-97.3053,27.87961],[-97.3055,27.87943],[-97.30573,27.87928],[-97.30577,27.87926],[-97.30602,27.87911],[-97.30607,27.87908],[-97.30614,27.87906],[-97.30621,27.87903],[-97.3067,27.87886],[-97.30679,27.87883],[-97.30698,27.87877],[-97.30716,27.87872],[-97.30745,27.87863],[-97.30769,27.87855],[-97.30787,27.8785],[-97.3082,27.87932],[-97.30918,27.88178],[-97.30947,27.8825],[-97.30951,27.8826],[-97.30956,27.88259],[-97.30969,27.88255],[-97.30974,27.88254],[-97.30982,27.88251],[-97.31008,27.88242],[-97.31017,27.88239],[-97.31026,27.88236],[-97.31055,27.88226],[-97.31064,27.88223],[-97.3108,27.88218],[-97.31127,27.88204],[-97.31143,27.88199],[-97.31128,27.88161],[-97.31083,27.8805],[-97.31068,27.88012],[-97.31084,27.88007],[-97.31113,27.87998],[-97.31134,27.87993],[-97.3115,27.87986],[-97.31164,27.87982],[-97.31172,27.87981],[-97.31196,27.87977],[-97.31225,27.87975],[-97.3124,27.87976],[-97.31263,27.87977],[-97.31281,27.87977],[-97.31335,27.87976],[-97.31353,27.87976],[-97.31354,27.87969],[-97.31354,27.8795],[-97.31354,27.87944],[-97.31467,27.87943],[-97.31512,27.87941],[-97.31533,27.87942],[-97.31561,27.87945],[-97.31583,27.87951],[-97.31607,27.87957],[-97.31626,27.87966],[-97.31651,27.87978],[-97.31697,27.87909],[-97.31772,27.87947],[-97.31794,27.87962],[-97.31826,27.87978],[-97.3183,27.8798],[-97.31843,27.87987],[-97.31847,27.87989],[-97.31861,27.87996],[-97.31904,27.88019],[-97.31906,27.8802],[-97.31918,27.88026],[-97.31918,27.88031],[-97.31918,27.88046],[-97.31917,27.88052],[-97.31917,27.88058],[-97.31916,27.88077],[-97.31916,27.88084],[-97.31915,27.88089],[-97.31916,27.88094],[-97.31915,27.88101],[-97.31916,27.88107],[-97.31915,27.88112],[-97.31915,27.88124],[-97.31916,27.88134],[-97.31915,27.88149],[-97.31914,27.88183],[-97.31914,27.88191],[-97.31914,27.88206],[-97.31928,27.88205],[-97.31942,27.88205],[-97.32028,27.88205],[-97.32057,27.88206],[-97.32069,27.88209],[-97.32071,27.8821],[-97.32099,27.88224],[-97.32113,27.88229],[-97.32128,27.88234],[-97.32151,27.88238],[-97.32196,27.88238],[-97.324,27.88238],[-97.32424,27.88238],[-97.32468,27.88233],[-97.32468,27.88218],[-97.32468,27.88173],[-97.32468,27.88158],[-97.32468,27.88143],[-97.32468,27.88096],[-97.32469,27.88081],[-97.32469,27.88065],[-97.32469,27.88017],[-97.32469,27.88001],[-97.32469,27.87993],[-97.3247,27.87971],[-97.3247,27.87963],[-97.3248,27.87964],[-97.32501,27.87964],[-97.32593,27.87964],[-97.32595,27.87964],[-97.32624,27.87964],[-97.32624,27.87971],[-97.32625,27.87994],[-97.32625,27.88001],[-97.3273,27.88001],[-97.32735,27.88002],[-97.32733,27.88234],[-97.32732,27.88241],[-97.32734,27.88285],[-97.32743,27.88286],[-97.32812,27.88287],[-97.32826,27.88285],[-97.3283,27.88285],[-97.32846,27.88282],[-97.3286,27.88276],[-97.32867,27.88273],[-97.32878,27.88267],[-97.3288,27.88266],[-97.32884,27.88265],[-97.32885,27.88264],[-97.32886,27.88264],[-97.32894,27.88262],[-97.32897,27.88261],[-97.32903,27.8826],[-97.32908,27.88259],[-97.32918,27.88258],[-97.32931,27.88258],[-97.32982,27.88258],[-97.33003,27.88258],[-97.3307,27.88251],[-97.33168,27.88241],[-97.33189,27.88237],[-97.33206,27.88232],[-97.33223,27.88226],[-97.3325,27.88212],[-97.33264,27.88202],[-97.3328,27.8819],[-97.33316,27.88158],[-97.33323,27.88164],[-97.33351,27.88187],[-97.33356,27.88191],[-97.33371,27.88205],[-97.33376,27.88209],[-97.33387,27.8822],[-97.33423,27.88251],[-97.33434,27.88261],[-97.33467,27.8829],[-97.33482,27.88304],[-97.33509,27.88333],[-97.33529,27.88368],[-97.33541,27.88396],[-97.33544,27.88404],[-97.33551,27.88438],[-97.33566,27.88438],[-97.33595,27.88439],[-97.33611,27.88437],[-97.33626,27.88436],[-97.33654,27.8843],[-97.33671,27.88427],[-97.33693,27.88417],[-97.33709,27.88408],[-97.33732,27.88395],[-97.33758,27.88381],[-97.33768,27.88371],[-97.33778,27.88362],[-97.33795,27.88346],[-97.33801,27.88341],[-97.33812,27.88331],[-97.33879,27.88347],[-97.33887,27.88348],[-97.33925,27.88353],[-97.3401,27.88355],[-97.34054,27.88348],[-97.34087,27.88344],[-97.34155,27.88328],[-97.34192,27.88315],[-97.34286,27.88283],[-97.34295,27.8828],[-97.34354,27.8826],[-97.34378,27.88224],[-97.34399,27.88217],[-97.34421,27.88211],[-97.34424,27.88209],[-97.34437,27.88203],[-97.34463,27.88201],[-97.34491,27.88206],[-97.34504,27.88208],[-97.34523,27.88212],[-97.34551,27.88227],[-97.3457,27.88246],[-97.34615,27.88264],[-97.34626,27.88272],[-97.34639,27.88276],[-97.34642,27.88286],[-97.3464,27.88286],[-97.34635,27.88292],[-97.3463,27.88297],[-97.34624,27.88302],[-97.34613,27.88315],[-97.34594,27.88332],[-97.34594,27.8834],[-97.34624,27.88332],[-97.34661,27.88321],[-97.34691,27.88318],[-97.34728,27.88318],[-97.34747,27.88312],[-97.34768,27.88305],[-97.34815,27.88294],[-97.3488,27.88276],[-97.34903,27.88268],[-97.34907,27.88267],[-97.34915,27.88264],[-97.34918,27.88264],[-97.34952,27.88265],[-97.35143,27.88171],[-97.3516,27.88163],[-97.35303,27.88116],[-97.35368,27.88118],[-97.35399,27.881],[-97.35413,27.88072],[-97.35427,27.8806],[-97.35444,27.88047],[-97.35451,27.88041],[-97.35453,27.8804],[-97.35459,27.88035],[-97.35483,27.8804],[-97.35522,27.88064],[-97.35556,27.88079],[-97.35569,27.88085],[-97.35588,27.88094],[-97.35595,27.88097],[-97.35602,27.881],[-97.3565,27.88113],[-97.35677,27.88105],[-97.35712,27.88095],[-97.35715,27.88094],[-97.35784,27.88073],[-97.3582,27.88062],[-97.35831,27.88059],[-97.35844,27.88055],[-97.35868,27.88048],[-97.35907,27.88036],[-97.35919,27.88032],[-97.35922,27.88032],[-97.3593,27.88029],[-97.3594,27.88026],[-97.35953,27.88023],[-97.3597,27.88018],[-97.35977,27.88016],[-97.35989,27.88013],[-97.35998,27.88011],[-97.3601,27.88007],[-97.36026,27.88003],[-97.36038,27.88],[-97.36052,27.87996],[-97.36057,27.87994],[-97.36067,27.87992],[-97.36079,27.87989],[-97.36088,27.87986],[-97.36099,27.87983],[-97.36114,27.87979],[-97.36125,27.87976],[-97.36135,27.87973],[-97.36138,27.87972],[-97.36148,27.87969],[-97.36161,27.87964],[-97.36171,27.87961],[-97.36175,27.87959],[-97.36193,27.87953],[-97.36199,27.8795],[-97.36207,27.87948],[-97.36214,27.87945],[-97.3622,27.87943],[-97.36243,27.87935],[-97.36248,27.87933],[-97.36254,27.87931],[-97.3626,27.87929],[-97.36265,27.87927],[-97.36268,27.87926],[-97.36275,27.87924],[-97.36276,27.87923],[-97.36296,27.87916],[-97.36304,27.87913],[-97.36343,27.87872],[-97.36366,27.87846],[-97.36381,27.8783],[-97.36397,27.87813],[-97.36403,27.87806],[-97.36407,27.87802],[-97.36421,27.87783],[-97.36433,27.87768],[-97.36444,27.87753],[-97.36458,27.87735],[-97.36463,27.87729],[-97.36488,27.87715],[-97.36517,27.87681],[-97.36573,27.87663],[-97.36583,27.8766],[-97.36593,27.87656],[-97.36618,27.87648],[-97.3668,27.87691],[-97.36754,27.87764],[-97.36783,27.87777],[-97.36787,27.87769],[-97.36874,27.87711],[-97.3688,27.87707],[-97.37003,27.87676],[-97.37011,27.87674],[-97.37065,27.87657],[-97.37128,27.87636],[-97.37194,27.87619],[-97.3729,27.87595],[-97.37469,27.87544],[-97.37585,27.87536],[-97.37658,27.87531],[-97.37717,27.87518],[-97.378,27.87484],[-97.37894,27.87475],[-97.37986,27.8749],[-97.38007,27.87494],[-97.38013,27.87494],[-97.38238,27.87525],[-97.38429,27.8751],[-97.38615,27.87523],[-97.38801,27.87508],[-97.38851,27.87511],[-97.38909,27.87513],[-97.38968,27.87516],[-97.39003,27.87518],[-97.39113,27.87517],[-97.39445,27.87515],[-97.39609,27.87514],[-97.39737,27.87525],[-97.39805,27.87534],[-97.39822,27.87536],[-97.39838,27.87538],[-97.3986,27.87541],[-97.39893,27.87545],[-97.39925,27.87549],[-97.39947,27.87552],[-97.39958,27.87549],[-97.40053,27.8753],[-97.40147,27.87511],[-97.40229,27.87495],[-97.40419,27.87454],[-97.40461,27.87428],[-97.40487,27.87418],[-97.40486,27.87408],[-97.40469,27.87382],[-97.40463,27.87349],[-97.40494,27.87345],[-97.40563,27.87362],[-97.40598,27.87371],[-97.40623,27.87377],[-97.40658,27.87384],[-97.40715,27.87381],[-97.40805,27.87343],[-97.40833,27.87325],[-97.4083,27.87313],[-97.40826,27.87288],[-97.40835,27.87272],[-97.40869,27.87267],[-97.40871,27.87267],[-97.40944,27.87246],[-97.41071,27.87217],[-97.41141,27.87168],[-97.41213,27.87163],[-97.41256,27.87101],[-97.41312,27.87092],[-97.41419,27.87026],[-97.4152,27.86977],[-97.41535,27.86966],[-97.41591,27.86959],[-97.41627,27.86955],[-97.4165,27.86953],[-97.41657,27.86953],[-97.41665,27.86952],[-97.41699,27.86942],[-97.41702,27.86938],[-97.41721,27.86911],[-97.41742,27.86904],[-97.41779,27.86912],[-97.41828,27.86925],[-97.41866,27.86932],[-97.41901,27.86936],[-97.41908,27.86937],[-97.41923,27.8693],[-97.41926,27.8692],[-97.41929,27.86911],[-97.41925,27.86895],[-97.41934,27.86873],[-97.41956,27.86872],[-97.41964,27.86882],[-97.41973,27.869],[-97.41983,27.86919],[-97.42003,27.86926],[-97.42033,27.86925],[-97.42063,27.86918],[-97.42105,27.869],[-97.42143,27.86883],[-97.42182,27.86864],[-97.42205,27.86859],[-97.42233,27.86855],[-97.42262,27.86854],[-97.42296,27.86853],[-97.42342,27.86852],[-97.42377,27.86847],[-97.42423,27.86852],[-97.42469,27.86867],[-97.42515,27.86888],[-97.42571,27.86905],[-97.42623,27.86919],[-97.42658,27.86951],[-97.42697,27.86963],[-97.42726,27.86962],[-97.42767,27.86959],[-97.42784,27.86953],[-97.42787,27.86952],[-97.42801,27.86947],[-97.42834,27.86935],[-97.42865,27.86926],[-97.42892,27.86943],[-97.42915,27.86955],[-97.42954,27.86985],[-97.43001,27.86993],[-97.4303,27.86999],[-97.43062,27.87003],[-97.43112,27.86999],[-97.43153,27.86995],[-97.43184,27.86994],[-97.43223,27.86982],[-97.43225,27.86968],[-97.43227,27.86946],[-97.43244,27.8694],[-97.43277,27.86938],[-97.43285,27.86941],[-97.43309,27.86943],[-97.43335,27.86949],[-97.43347,27.86949],[-97.43363,27.86949],[-97.43391,27.8695],[-97.43422,27.86933],[-97.43446,27.86926],[-97.43463,27.86921],[-97.43485,27.86928],[-97.43511,27.86934],[-97.4353,27.86943],[-97.43549,27.86942],[-97.43577,27.86926],[-97.43598,27.86906],[-97.4363,27.86899],[-97.43655,27.869],[-97.43668,27.86903],[-97.43693,27.869],[-97.43723,27.86904],[-97.4373,27.86904],[-97.43759,27.86902],[-97.4381,27.86906],[-97.43834,27.86908],[-97.43851,27.8691],[-97.43899,27.86913],[-97.43924,27.8692],[-97.43949,27.86923],[-97.43953,27.86926],[-97.43968,27.86932],[-97.43989,27.86944],[-97.44029,27.86958],[-97.44055,27.86961],[-97.44083,27.86957],[-97.44103,27.86948],[-97.44126,27.86936],[-97.4414,27.86928],[-97.44141,27.86927],[-97.44145,27.86925],[-97.44161,27.86924],[-97.44175,27.8693],[-97.44186,27.86933],[-97.44199,27.86934],[-97.44227,27.86932],[-97.44249,27.86914],[-97.44275,27.86897],[-97.44293,27.86903],[-97.4431,27.86914],[-97.44322,27.86923],[-97.44344,27.8693],[-97.44388,27.86922],[-97.44408,27.8692],[-97.44427,27.86907],[-97.4442,27.86895],[-97.44403,27.86883],[-97.44396,27.8687],[-97.444,27.86861],[-97.44402,27.86857],[-97.44404,27.86849],[-97.44404,27.86847],[-97.444,27.8684],[-97.44382,27.8683],[-97.44371,27.86813],[-97.44355,27.86778],[-97.44354,27.86747],[-97.44353,27.86698],[-97.44371,27.8665],[-97.44404,27.8661],[-97.44438,27.86582],[-97.44472,27.86565],[-97.44511,27.86553],[-97.44554,27.86542],[-97.44591,27.86538],[-97.44626,27.86551],[-97.44666,27.86569],[-97.44711,27.86586],[-97.44764,27.86607],[-97.4482,27.8664],[-97.44864,27.86684],[-97.44909,27.86707],[-97.44954,27.86726],[-97.45006,27.86745],[-97.45041,27.86763],[-97.45104,27.86802],[-97.4514,27.86833],[-97.45148,27.8684],[-97.45171,27.86866],[-97.45179,27.86888],[-97.45188,27.86916],[-97.45206,27.86947],[-97.4522,27.86993],[-97.45234,27.8701],[-97.45263,27.87045],[-97.4529,27.87097],[-97.45372,27.87252],[-97.454,27.87303],[-97.4541,27.87342],[-97.45423,27.87364],[-97.45442,27.87391],[-97.45462,27.87422],[-97.45466,27.87428],[-97.45485,27.87473],[-97.45495,27.87526],[-97.45504,27.87587],[-97.45504,27.87633],[-97.45501,27.87689],[-97.45519,27.87739],[-97.45527,27.87755],[-97.45541,27.87771],[-97.45552,27.87779],[-97.45567,27.87782],[-97.45574,27.87777],[-97.45576,27.87775],[-97.45586,27.87761],[-97.45599,27.87751],[-97.4561,27.87747],[-97.45642,27.87753],[-97.45655,27.87767],[-97.45666,27.8778],[-97.45679,27.87793],[-97.45687,27.87804],[-97.45698,27.87811],[-97.45706,27.8782],[-97.45712,27.87824],[-97.45716,27.87827],[-97.4573,27.87831],[-97.45744,27.87833],[-97.45754,27.87835],[-97.45775,27.87835],[-97.45781,27.87831],[-97.45789,27.87823],[-97.45799,27.87804],[-97.458,27.87793],[-97.45808,27.87782],[-97.45815,27.87777],[-97.45818,27.87775],[-97.45824,27.87771],[-97.45834,27.87771],[-97.45852,27.87772],[-97.45863,27.87775],[-97.45874,27.87783],[-97.45882,27.87791],[-97.4589,27.87803],[-97.45896,27.87812],[-97.45908,27.87822],[-97.45919,27.87828],[-97.4593,27.87831],[-97.45949,27.87828],[-97.45958,27.87823],[-97.4596,27.87822],[-97.45973,27.87803],[-97.45983,27.8779],[-97.45992,27.8778],[-97.46004,27.87767],[-97.4602,27.87753],[-97.46026,27.87742],[-97.46026,27.87732],[-97.46028,27.8771],[-97.46028,27.87697],[-97.46042,27.87678],[-97.46055,27.8767],[-97.46072,27.87667],[-97.46084,27.87662],[-97.46087,27.87644],[-97.46087,27.87622],[-97.46093,27.87607],[-97.46096,27.87598],[-97.46104,27.87583],[-97.46117,27.87542],[-97.46119,27.87532],[-97.4612,27.87519],[-97.46114,27.87507],[-97.46103,27.87499],[-97.46092,27.87481],[-97.46077,27.87463],[-97.46064,27.87451],[-97.46052,27.87441],[-97.46048,27.87434],[-97.46036,27.87414],[-97.46032,27.87407],[-97.46029,27.87388],[-97.46024,27.8738],[-97.46023,27.87379],[-97.46016,27.87367],[-97.46002,27.87348],[-97.45991,27.87329],[-97.45973,27.87305],[-97.45971,27.87303],[-97.45956,27.87289],[-97.45946,27.87287],[-97.4594,27.87277],[-97.45924,27.87248],[-97.45919,27.87238],[-97.45924,27.87207],[-97.45892,27.87163],[-97.45879,27.8715],[-97.45852,27.87109],[-97.45847,27.871],[-97.45831,27.87074],[-97.45789,27.87003],[-97.45773,27.86964],[-97.45762,27.86939],[-97.45737,27.86877],[-97.45733,27.86867],[-97.45732,27.86864],[-97.45714,27.868],[-97.45704,27.86769],[-97.45693,27.86728],[-97.45684,27.8667],[-97.45687,27.86648],[-97.45701,27.86625],[-97.45707,27.86613],[-97.45711,27.86604],[-97.45735,27.8658],[-97.45756,27.86561],[-97.45767,27.86555],[-97.45778,27.86548],[-97.45815,27.86539],[-97.45842,27.86532],[-97.45879,27.86526],[-97.45911,27.86521],[-97.45936,27.8652],[-97.45956,27.86518],[-97.45976,27.86518],[-97.45988,27.86515],[-97.45989,27.86502],[-97.4598,27.86496],[-97.4597,27.86488],[-97.45957,27.86478],[-97.45948,27.86462],[-97.45943,27.8643],[-97.45943,27.86395],[-97.45948,27.86364],[-97.45959,27.86334],[-97.45983,27.86276],[-97.45987,27.8627],[-97.45999,27.86252],[-97.4601,27.86232],[-97.46024,27.86211],[-97.46034,27.862],[-97.4605,27.86192],[-97.46064,27.8619],[-97.46082,27.86188],[-97.46098,27.86187],[-97.46119,27.86187],[-97.4614,27.8618],[-97.4617,27.86168],[-97.4618,27.86155],[-97.46189,27.86145],[-97.46197,27.86139],[-97.46208,27.86132],[-97.46218,27.86132],[-97.46239,27.86131],[-97.46245,27.86136],[-97.46248,27.86139],[-97.46255,27.86151],[-97.46258,27.86155],[-97.46263,27.86161],[-97.46268,27.86168],[-97.46281,27.86184],[-97.46285,27.86189],[-97.46289,27.86194],[-97.46299,27.86207],[-97.463,27.86209],[-97.46312,27.86228],[-97.46322,27.86246],[-97.46335,27.86272],[-97.46353,27.86298],[-97.46354,27.863],[-97.4639,27.86353],[-97.46405,27.86375],[-97.46407,27.86378],[-97.46432,27.86412],[-97.4644,27.86427],[-97.4646,27.86455],[-97.46482,27.86487],[-97.46497,27.86503],[-97.46506,27.86513],[-97.46508,27.86515],[-97.46539,27.86552],[-97.46544,27.86558],[-97.46544,27.86564],[-97.46544,27.86581],[-97.46548,27.86597],[-97.46555,27.86621],[-97.46562,27.86643],[-97.46568,27.86659],[-97.4658,27.86678],[-97.46605,27.86707],[-97.46616,27.86723],[-97.46633,27.86744],[-97.4665,27.86764],[-97.46661,27.86777],[-97.46665,27.8678],[-97.46668,27.86782],[-97.46678,27.86789],[-97.46697,27.86813],[-97.46704,27.86828],[-97.46716,27.86847],[-97.4672,27.86861],[-97.46721,27.86862],[-97.46724,27.8687],[-97.4673,27.86891],[-97.46735,27.86926],[-97.46743,27.86945],[-97.46749,27.86977],[-97.46756,27.86998],[-97.46762,27.87016],[-97.46776,27.87032],[-97.4678,27.87036],[-97.46789,27.87046],[-97.46808,27.87062],[-97.46825,27.87073],[-97.46837,27.87078],[-97.4686,27.87077],[-97.46874,27.8707],[-97.46889,27.87062],[-97.46897,27.87058],[-97.46896,27.87056],[-97.46888,27.8705],[-97.46877,27.87047],[-97.46865,27.87043],[-97.46862,27.87042],[-97.46854,27.87039],[-97.46851,27.87032],[-97.46848,27.87024],[-97.46847,27.87017],[-97.46841,27.87012],[-97.46831,27.8701],[-97.46825,27.87004],[-97.4682,27.87],[-97.46814,27.86993],[-97.46804,27.86985],[-97.46795,27.86977],[-97.46787,27.8697],[-97.46782,27.86965],[-97.46779,27.86962],[-97.46775,27.8696],[-97.46766,27.86956],[-97.46752,27.86957],[-97.47079,27.8681],[-97.47095,27.86803],[-97.47088,27.86789],[-97.47085,27.86785],[-97.47082,27.86772],[-97.47071,27.86756],[-97.47067,27.8675],[-97.47058,27.86734],[-97.47031,27.86692],[-97.47022,27.86678],[-97.47008,27.86659],[-97.46991,27.86638],[-97.46976,27.86619],[-97.46972,27.86584],[-97.46975,27.86579],[-97.46983,27.86566],[-97.46986,27.86561],[-97.46993,27.8655],[-97.46999,27.86542],[-97.47007,27.86529],[-97.47009,27.86513],[-97.47014,27.86493],[-97.4702,27.86472],[-97.47019,27.86434],[-97.47019,27.86421],[-97.47025,27.86408],[-97.47036,27.86391],[-97.47049,27.86381],[-97.4705,27.8638],[-97.47067,27.86371],[-97.47079,27.86362],[-97.47085,27.86356],[-97.47431,27.86181],[-97.47441,27.86173],[-97.4745,27.86167],[-97.47462,27.86162],[-97.47469,27.86161],[-97.47474,27.86157],[-97.47481,27.86149],[-97.47486,27.86146],[-97.47505,27.86142],[-97.47519,27.86132],[-97.47535,27.86131],[-97.4755,27.86131],[-97.47552,27.86131],[-97.47563,27.86128],[-97.47574,27.86124],[-97.47585,27.8612],[-97.47613,27.86111],[-97.47642,27.86102],[-97.47666,27.86094],[-97.47708,27.8608],[-97.4774,27.86069],[-97.47761,27.86062],[-97.47819,27.86042],[-97.47852,27.86032],[-97.47856,27.8603],[-97.47917,27.86011],[-97.4797,27.85993],[-97.48029,27.85979],[-97.48082,27.85977],[-97.48117,27.85979],[-97.4814,27.85992],[-97.48144,27.85994],[-97.48157,27.86001],[-97.48181,27.86022],[-97.48204,27.8603],[-97.48226,27.86036],[-97.4823,27.86037],[-97.48232,27.86037],[-97.48245,27.86038],[-97.48256,27.8604],[-97.48265,27.86044],[-97.48275,27.8605],[-97.48298,27.86059],[-97.48332,27.86078],[-97.48367,27.86097],[-97.48407,27.86116],[-97.48411,27.86119],[-97.48436,27.86134],[-97.48453,27.86148],[-97.48471,27.86172],[-97.48479,27.86193],[-97.4849,27.86203],[-97.48516,27.86232],[-97.48532,27.86248],[-97.48541,27.86264],[-97.48548,27.86273],[-97.48552,27.8628],[-97.48552,27.86299],[-97.48548,27.86323],[-97.48543,27.8635],[-97.4853,27.86377],[-97.48522,27.86387],[-97.48511,27.86396],[-97.48501,27.86406],[-97.48501,27.86407],[-97.485,27.86419],[-97.48498,27.86427],[-97.4849,27.8644],[-97.48476,27.86452],[-97.48456,27.86465],[-97.48452,27.86467],[-97.48436,27.86475],[-97.48421,27.86483],[-97.48415,27.86494],[-97.48413,27.86503],[-97.48412,27.86513],[-97.48408,27.86523],[-97.48399,27.86532],[-97.48384,27.86545],[-97.48375,27.86556],[-97.48372,27.86567],[-97.48373,27.86577],[-97.48378,27.86589],[-97.4838,27.86593],[-97.48375,27.86615],[-97.48348,27.86643],[-97.48336,27.86663],[-97.48332,27.86691],[-97.48319,27.86721],[-97.48311,27.86734],[-97.48301,27.86747],[-97.48301,27.86758],[-97.48308,27.86769],[-97.48317,27.86785],[-97.4833,27.86801],[-97.48333,27.8682],[-97.48325,27.86838],[-97.48309,27.86855],[-97.48306,27.86878],[-97.48303,27.86887],[-97.483,27.86913],[-97.48296,27.86932],[-97.48295,27.86955],[-97.4829,27.8698],[-97.48292,27.87009],[-97.483,27.87028],[-97.48308,27.87051],[-97.48319,27.87076],[-97.48327,27.87097],[-97.48338,27.87113],[-97.48348,27.87127],[-97.48364,27.87137],[-97.48378,27.87145],[-97.48388,27.87155],[-97.48393,27.87169],[-97.48394,27.87174],[-97.48397,27.87179],[-97.48402,27.87188],[-97.4841,27.87204],[-97.48415,27.87225],[-97.48421,27.87246],[-97.48434,27.87278],[-97.48439,27.87293],[-97.48444,27.87307],[-97.48456,27.87324],[-97.48485,27.8735],[-97.48508,27.87361],[-97.48538,27.87372],[-97.48568,27.87385],[-97.48592,27.87393],[-97.48623,27.87404],[-97.4865,27.87422],[-97.48672,27.87436],[-97.48708,27.87452],[-97.48735,27.8747],[-97.48754,27.87486],[-97.48767,27.87503],[-97.48776,27.87524],[-97.48799,27.87561],[-97.48844,27.87615],[-97.48861,27.87638],[-97.48895,27.87676],[-97.48904,27.87692],[-97.48911,27.877],[-97.48914,27.87708],[-97.48916,27.87724],[-97.48908,27.87739],[-97.48906,27.87745],[-97.48911,27.87764],[-97.48916,27.87777],[-97.48922,27.87803],[-97.48928,27.87817],[-97.4894,27.87835],[-97.48951,27.87843],[-97.4896,27.87851],[-97.48973,27.87867],[-97.48975,27.87871],[-97.48983,27.87892],[-97.48989,27.87908],[-97.48992,27.87924],[-97.48994,27.87943],[-97.48996,27.87948],[-97.49,27.87961],[-97.49012,27.8798],[-97.49029,27.88004],[-97.4905,27.88019],[-97.49071,27.88031],[-97.49087,27.88047],[-97.49103,27.88062],[-97.49114,27.88081],[-97.49119,27.88086],[-97.49122,27.8809],[-97.49126,27.88093],[-97.49128,27.88095],[-97.49131,27.88099],[-97.49143,27.88119],[-97.4916,27.88143],[-97.49176,27.88166],[-97.49196,27.88164],[-97.49204,27.88163],[-97.49216,27.88155],[-97.49231,27.8815],[-97.49247,27.88155],[-97.49263,27.88156],[-97.49271,27.88163],[-97.4928,27.88175],[-97.49296,27.88191],[-97.49312,27.88198],[-97.49328,27.88201],[-97.4934,27.88199],[-97.49356,27.88196],[-97.49375,27.88203],[-97.49413,27.88219],[-97.49431,27.88227],[-97.49439,27.88227],[-97.49452,27.88228],[-97.49471,27.88231],[-97.49479,27.88228],[-97.495,27.88227],[-97.49493,27.88214],[-97.49492,27.88207],[-97.49487,27.88199],[-97.4948,27.88191],[-97.4948,27.8818],[-97.49484,27.88175],[-97.49493,27.88174],[-97.49503,27.88174],[-97.4953,27.88167],[-97.49557,27.88159],[-97.49568,27.88158],[-97.49581,27.88158],[-97.49596,27.88155],[-97.49607,27.88151],[-97.49609,27.8815],[-97.49616,27.88147],[-97.49631,27.88135],[-97.49629,27.88122],[-97.49628,27.88116],[-97.49624,27.88105],[-97.49621,27.88097],[-97.49618,27.88087],[-97.49618,27.88081],[-97.49616,27.88075],[-97.49618,27.88071],[-97.49639,27.8806],[-97.49653,27.88062],[-97.49661,27.88063],[-97.49685,27.88062],[-97.49701,27.88062],[-97.49714,27.88059],[-97.49725,27.8806],[-97.4974,27.88057],[-97.49746,27.88055],[-97.49754,27.88054],[-97.49768,27.88049],[-97.49773,27.88031],[-97.49775,27.88023],[-97.49786,27.88001],[-97.49791,27.87995],[-97.49796,27.87987],[-97.49802,27.87982],[-97.49805,27.87977],[-97.49816,27.87972],[-97.49842,27.87959],[-97.49892,27.8795],[-97.49922,27.87958],[-97.49954,27.87956],[-97.49994,27.87956],[-97.50026,27.8795],[-97.50044,27.87947],[-97.50071,27.87939],[-97.50098,27.87932],[-97.50124,27.87924],[-97.50148,27.87915],[-97.50152,27.87913],[-97.50173,27.87905],[-97.50194,27.87892],[-97.50213,27.87886],[-97.50234,27.87873],[-97.50252,27.87863],[-97.50261,27.87857],[-97.50279,27.87844],[-97.503,27.87833],[-97.50339,27.8781],[-97.50346,27.87806],[-97.50363,27.87803],[-97.50378,27.878],[-97.50389,27.87798],[-97.50415,27.87789],[-97.50421,27.87787],[-97.50453,27.8779],[-97.50477,27.87788],[-97.50498,27.87788],[-97.50512,27.87787],[-97.50528,27.87785],[-97.5054,27.87783],[-97.50566,27.87781],[-97.50568,27.8778],[-97.50591,27.87783],[-97.50616,27.87783],[-97.50639,27.87795],[-97.50656,27.87799],[-97.50681,27.87812],[-97.50688,27.87815],[-97.50727,27.87811],[-97.50754,27.87804],[-97.5077,27.87799],[-97.50786,27.87791],[-97.50799,27.8778],[-97.50792,27.87764],[-97.50782,27.87753],[-97.50776,27.87747],[-97.50757,27.87731],[-97.50744,27.87716],[-97.50728,27.877],[-97.50719,27.87686],[-97.50709,27.87667],[-97.50701,27.87646],[-97.50703,27.87627],[-97.50709,27.87603],[-97.50717,27.87585],[-97.50741,27.87563],[-97.50752,27.87548],[-97.50767,27.87537],[-97.50789,27.87521],[-97.50818,27.87507],[-97.50837,27.87499],[-97.50853,27.87486],[-97.50864,27.87475],[-97.50874,27.87454],[-97.50877,27.87436],[-97.50882,27.8742],[-97.50888,27.87404],[-97.50893,27.87393],[-97.50895,27.8739],[-97.50898,27.87382],[-97.50914,27.87374],[-97.50922,27.8737],[-97.50941,27.87359],[-97.50959,27.87339],[-97.50986,27.87323],[-97.51004,27.87307],[-97.51015,27.87299],[-97.51031,27.87287],[-97.51052,27.87275],[-97.51078,27.87264],[-97.51084,27.87262],[-97.5112,27.8724],[-97.51125,27.87236],[-97.51156,27.87222],[-97.51176,27.8722],[-97.51196,27.87214],[-97.51221,27.87198],[-97.51229,27.87189],[-97.51237,27.8718],[-97.51263,27.87159],[-97.51279,27.87153],[-97.51301,27.87147],[-97.51317,27.87137],[-97.51336,27.87139],[-97.51378,27.87143],[-97.51429,27.87159],[-97.51474,27.87172],[-97.51486,27.87174],[-97.51503,27.87175],[-97.51513,27.87176],[-97.51532,27.87177],[-97.51586,27.87172],[-97.51621,27.87167],[-97.5165,27.87166],[-97.51668,27.87159],[-97.51688,27.87153],[-97.51708,27.87147],[-97.5173,27.87129],[-97.51736,27.87115],[-97.51736,27.87103],[-97.51733,27.87086],[-97.51727,27.87071],[-97.51711,27.87067],[-97.51685,27.8706],[-97.5168,27.87059],[-97.51677,27.87059],[-97.5166,27.87059],[-97.51639,27.87063],[-97.51621,27.87073],[-97.51602,27.87079],[-97.51581,27.87084],[-97.5156,27.87086],[-97.51544,27.87081],[-97.51525,27.87076],[-97.51504,27.87063],[-97.5149,27.87052],[-97.51484,27.87043],[-97.51482,27.87039],[-97.51474,27.87017],[-97.51471,27.86998],[-97.51472,27.86979],[-97.51476,27.86955],[-97.51482,27.86937],[-97.51483,27.86936],[-97.51487,27.86926],[-97.51503,27.8691],[-97.51516,27.86897],[-97.51525,27.86886],[-97.51536,27.86871],[-97.51541,27.86852],[-97.51543,27.86835],[-97.51548,27.86812],[-97.51554,27.8679],[-97.5157,27.86771],[-97.516,27.86745],[-97.51647,27.867],[-97.51672,27.86676],[-97.51708,27.8666],[-97.51726,27.86645],[-97.51735,27.86638],[-97.51747,27.86627],[-97.51749,27.86625],[-97.51755,27.8662],[-97.51765,27.86612],[-97.51775,27.86604],[-97.51786,27.8659],[-97.51788,27.86583],[-97.51786,27.86571],[-97.51781,27.86559],[-97.51772,27.86555],[-97.51759,27.86553],[-97.51743,27.86551],[-97.51737,27.86549],[-97.51733,27.86548],[-97.51736,27.86529],[-97.51749,27.86521],[-97.51762,27.86518],[-97.51764,27.86503],[-97.51759,27.86497],[-97.51752,27.86484],[-97.51752,27.86449],[-97.51756,27.86436],[-97.51764,27.86427],[-97.51775,27.86422],[-97.51816,27.86406],[-97.51836,27.86396],[-97.51864,27.86388],[-97.51877,27.86383],[-97.51893,27.86372],[-97.51877,27.8634],[-97.51876,27.86324],[-97.51887,27.86311],[-97.519,27.86303],[-97.51909,27.86289],[-97.51904,27.86275],[-97.51893,27.86268],[-97.5188,27.86252],[-97.51868,27.86238],[-97.51864,27.86225],[-97.51877,27.86215],[-97.51898,27.86198],[-97.51928,27.86175],[-97.51957,27.86156],[-97.51964,27.86149],[-97.51975,27.86139],[-97.5198,27.86127],[-97.51978,27.8611],[-97.51967,27.86097],[-97.5194,27.86083],[-97.51909,27.8606],[-97.519,27.86044],[-97.5188,27.86025],[-97.51852,27.86015],[-97.51824,27.86011],[-97.51804,27.86004],[-97.51781,27.8599],[-97.51772,27.85972],[-97.5176,27.85951],[-97.51732,27.859],[-97.51722,27.8588],[-97.51716,27.85865],[-97.51714,27.85851],[-97.51716,27.85828],[-97.51716,27.85812],[-97.51708,27.8579],[-97.51688,27.85777],[-97.51663,27.85766],[-97.5164,27.85756],[-97.51631,27.8575],[-97.5162,27.85742],[-97.51613,27.85718],[-97.51602,27.85688],[-97.51567,27.85657],[-97.51532,27.85649],[-97.51496,27.85638],[-97.51464,27.85633],[-97.51447,27.85628],[-97.51434,27.85625],[-97.51426,27.8562],[-97.51424,27.85611],[-97.51429,27.85595],[-97.51436,27.85566],[-97.51442,27.85544],[-97.5144,27.85526],[-97.51429,27.85505],[-97.51418,27.85483],[-97.51416,27.85472],[-97.51415,27.85456],[-97.51424,27.85436],[-97.51431,27.85417],[-97.51431,27.85392],[-97.51428,27.85347],[-97.51428,27.85323],[-97.51429,27.85292],[-97.51432,27.85264],[-97.51431,27.85236],[-97.51439,27.8523],[-97.51452,27.85228],[-97.51471,27.85231],[-97.51481,27.85233],[-97.51492,27.85235],[-97.51493,27.85235],[-97.51499,27.85233],[-97.51506,27.8523],[-97.51516,27.85214],[-97.51514,27.85207],[-97.51513,27.85201],[-97.51512,27.85195],[-97.5148,27.85184],[-97.51437,27.85169],[-97.5142,27.85163],[-97.514,27.85161],[-97.51359,27.85163],[-97.51316,27.85163],[-97.51264,27.85158],[-97.51223,27.85161],[-97.5118,27.85166],[-97.51148,27.85172],[-97.51093,27.85188],[-97.5105,27.85196],[-97.51018,27.85201],[-97.50996,27.85203],[-97.50964,27.852],[-97.5094,27.85208],[-97.50936,27.85208],[-97.50928,27.85209],[-97.50917,27.85212],[-97.50914,27.85219],[-97.5092,27.8523],[-97.50925,27.85248],[-97.50933,27.8526],[-97.50938,27.85275],[-97.50939,27.85276],[-97.50944,27.85288],[-97.50949,27.85297],[-97.50951,27.85302],[-97.50956,27.85308],[-97.50954,27.85316],[-97.50951,27.85318],[-97.50932,27.85323],[-97.50896,27.85316],[-97.50868,27.85307],[-97.50855,27.853],[-97.50834,27.85288],[-97.5082,27.85275],[-97.508,27.85262],[-97.50776,27.85252],[-97.50759,27.85248],[-97.50736,27.85243],[-97.50711,27.85238],[-97.50682,27.85233],[-97.50656,27.85233],[-97.50626,27.85238],[-97.50597,27.85236],[-97.50573,27.85243],[-97.50554,27.8524],[-97.505,27.85238],[-97.50455,27.85233],[-97.50399,27.85233],[-97.50362,27.85225],[-97.50333,27.85219],[-97.50311,27.85214],[-97.50285,27.85208],[-97.50264,27.85204],[-97.50239,27.85192],[-97.5022,27.85184],[-97.50183,27.8518],[-97.50146,27.85176],[-97.50125,27.85172],[-97.5009,27.8516],[-97.5005,27.8515],[-97.49997,27.8514],[-97.49967,27.85132],[-97.4993,27.85124],[-97.499,27.85118],[-97.49861,27.85107],[-97.49823,27.85097],[-97.49792,27.85084],[-97.49778,27.85075],[-97.49752,27.85062],[-97.49722,27.85052],[-97.49704,27.85046],[-97.4968,27.85032],[-97.49656,27.85027],[-97.49637,27.85019],[-97.49623,27.85011],[-97.4961,27.85004],[-97.49599,27.84998],[-97.49583,27.84993],[-97.49564,27.84993],[-97.49549,27.8499],[-97.49533,27.84987],[-97.49519,27.84979],[-97.495,27.84969],[-97.49487,27.84956],[-97.49471,27.84945],[-97.4946,27.84931],[-97.49453,27.84921],[-97.49444,27.84913],[-97.49437,27.84904],[-97.49429,27.84896],[-97.49416,27.84889],[-97.49404,27.84883],[-97.49391,27.8488],[-97.49375,27.8487],[-97.49356,27.8486],[-97.49343,27.84856],[-97.49327,27.84846],[-97.49316,27.84841],[-97.49311,27.84832],[-97.49306,27.84827],[-97.49301,27.84816],[-97.49296,27.84808],[-97.49285,27.848],[-97.49279,27.84793],[-97.49266,27.84788],[-97.49244,27.8478],[-97.49231,27.84776],[-97.49223,27.84764],[-97.49218,27.84755],[-97.4921,27.84747],[-97.49205,27.84736],[-97.49199,27.84726],[-97.49197,27.84724],[-97.49175,27.84699],[-97.49157,27.84689],[-97.49136,27.84678],[-97.49112,27.84667],[-97.49096,27.84662],[-97.49077,27.84657],[-97.49064,27.84656],[-97.49032,27.84652],[-97.49028,27.84648],[-97.4902,27.84638],[-97.49007,27.84606],[-97.49004,27.84595],[-97.48999,27.84587],[-97.48996,27.8458],[-97.48991,27.84569],[-97.48981,27.84563],[-97.48972,27.8456],[-97.4896,27.84558],[-97.48946,27.84552],[-97.48943,27.8455],[-97.48932,27.84545],[-97.48917,27.84534],[-97.48904,27.84518],[-97.489,27.84511],[-97.48893,27.84502],[-97.48885,27.84487],[-97.48879,27.84478],[-97.48869,27.84459],[-97.48853,27.84435],[-97.48844,27.84427],[-97.48831,27.84417],[-97.48815,27.84417],[-97.48783,27.84388],[-97.48767,27.84379],[-97.48738,27.8434],[-97.4873,27.84321],[-97.48727,27.84315],[-97.48722,27.84307],[-97.4872,27.84288],[-97.4872,27.8427],[-97.48722,27.84251],[-97.48725,27.8424],[-97.48724,27.84233],[-97.4872,27.84219],[-97.48719,27.84211],[-97.48714,27.84201],[-97.48712,27.84193],[-97.48712,27.84174],[-97.48722,27.8416],[-97.48741,27.84153],[-97.4877,27.84134],[-97.4878,27.84124],[-97.48783,27.84115],[-97.48786,27.84104],[-97.48792,27.84091],[-97.48799,27.84083],[-97.48804,27.84078],[-97.48808,27.84075],[-97.48815,27.84067],[-97.48829,27.84052],[-97.48832,27.84038],[-97.48832,27.84033],[-97.48826,27.8402],[-97.48825,27.84019],[-97.48816,27.83998],[-97.48808,27.83976],[-97.48812,27.83958],[-97.48818,27.83942],[-97.48826,27.83939],[-97.48848,27.83908],[-97.48868,27.83902],[-97.48893,27.83889],[-97.48906,27.83886],[-97.48924,27.83883],[-97.48941,27.83883],[-97.48959,27.83891],[-97.48976,27.83904],[-97.48978,27.83905],[-97.48996,27.83928],[-97.49018,27.83948],[-97.49028,27.83969],[-97.49042,27.83995],[-97.49061,27.84027],[-97.49069,27.84037],[-97.49083,27.84058],[-97.49106,27.84092],[-97.4913,27.84129],[-97.49176,27.84193],[-97.49177,27.84195],[-97.4918,27.84201],[-97.49195,27.84228],[-97.49211,27.84251],[-97.49223,27.84275],[-97.49237,27.8431],[-97.49255,27.84342],[-97.49258,27.84348],[-97.49274,27.84377],[-97.4928,27.84386],[-97.49304,27.8442],[-97.49333,27.84433],[-97.49355,27.84443],[-97.49363,27.84445],[-97.49378,27.84449],[-97.49399,27.84459],[-97.49414,27.84461],[-97.49424,27.84463],[-97.49439,27.84466],[-97.49444,27.84467],[-97.4945,27.84469],[-97.49457,27.84471],[-97.49472,27.84477],[-97.49496,27.84483],[-97.49546,27.84495],[-97.49602,27.8451],[-97.49659,27.84521],[-97.49699,27.84529],[-97.49733,27.84537],[-97.49758,27.84542],[-97.49792,27.8455],[-97.49953,27.84589],[-97.49967,27.84593],[-97.49969,27.84596],[-97.50044,27.84646],[-97.50066,27.8466],[-97.50079,27.84663],[-97.50099,27.8467],[-97.50141,27.84657],[-97.50162,27.84652],[-97.50172,27.84651],[-97.50176,27.84649],[-97.50197,27.84646],[-97.50204,27.84647],[-97.5021,27.84651],[-97.50224,27.84645],[-97.5025,27.84637],[-97.50282,27.84616],[-97.50303,27.84598],[-97.50328,27.8458],[-97.50341,27.84561],[-97.50357,27.84544],[-97.50373,27.8452],[-97.50383,27.84504],[-97.50391,27.84488],[-97.50399,27.84478],[-97.50408,27.84464],[-97.5042,27.84452],[-97.50437,27.84436],[-97.50453,27.84428],[-97.50464,27.84408],[-97.50482,27.84392],[-97.505,27.84372],[-97.50519,27.84355],[-97.50544,27.8434],[-97.50559,27.84331],[-97.50575,27.84323],[-97.50592,27.8432],[-97.5061,27.84313],[-97.50629,27.84305],[-97.50661,27.84302],[-97.50688,27.84302],[-97.5073,27.84308],[-97.50746,27.84313],[-97.50764,27.84315],[-97.50786,27.84321],[-97.5081,27.84324],[-97.50836,27.84329],[-97.50876,27.8434],[-97.50901,27.84356],[-97.5093,27.84366],[-97.50956,27.84379],[-97.50994,27.8439],[-97.51032,27.84406],[-97.51069,27.84417],[-97.51096,27.84433],[-97.51124,27.84452],[-97.51133,27.84462],[-97.51149,27.84475],[-97.5117,27.84491],[-97.51205,27.84523],[-97.51234,27.84547],[-97.51263,27.84569],[-97.513,27.84598],[-97.5132,27.84616],[-97.51338,27.8463],[-97.51357,27.84641],[-97.51373,27.84648],[-97.51396,27.84654],[-97.51426,27.84664],[-97.51447,27.84668],[-97.51476,27.84673],[-97.51504,27.84676],[-97.51552,27.8468],[-97.51584,27.8468],[-97.51663,27.8468],[-97.5169,27.84678],[-97.51706,27.8468],[-97.51733,27.84681],[-97.51754,27.84681],[-97.51778,27.84683],[-97.51799,27.84684],[-97.51821,27.84688],[-97.51845,27.84689],[-97.51874,27.84692],[-97.51895,27.84694],[-97.51922,27.847],[-97.51957,27.84703],[-97.51989,27.84707],[-97.5202,27.84708],[-97.52044,27.84715],[-97.52077,27.84719],[-97.52106,27.84721],[-97.52132,27.84723],[-97.52148,27.84724],[-97.52172,27.84724],[-97.52194,27.84721],[-97.52215,27.84718],[-97.52231,27.84716],[-97.52269,27.84711],[-97.52348,27.84699],[-97.52391,27.84695],[-97.52436,27.84691],[-97.52458,27.84689],[-97.52493,27.84683],[-97.52525,27.84681],[-97.5256,27.84679],[-97.526,27.84681],[-97.52624,27.84686],[-97.52655,27.84689],[-97.52679,27.84695],[-97.52701,27.84702],[-97.5274,27.84713],[-97.52776,27.84724],[-97.52807,27.84734],[-97.52844,27.84739],[-97.52876,27.84747],[-97.52909,27.84756],[-97.52952,27.84771],[-97.5298,27.8478],[-97.53012,27.84797],[-97.5302,27.84801],[-97.5303,27.848],[-97.53114,27.84792],[-97.53445,27.84763],[-97.53514,27.84772],[-97.53532,27.84767],[-97.53588,27.84791],[-97.53642,27.84827],[-97.53716,27.84871],[-97.5377,27.84931],[-97.53866,27.85038],[-97.53903,27.85099],[-97.53911,27.85111],[-97.53923,27.8513],[-97.53947,27.85172],[-97.53958,27.8519],[-97.53967,27.85223],[-97.53977,27.85256],[-97.53993,27.85312],[-97.53997,27.85325],[-97.54008,27.8539],[-97.54032,27.85518],[-97.54034,27.85524],[-97.54058,27.85575],[-97.54082,27.85627],[-97.54101,27.85674],[-97.54125,27.857],[-97.54178,27.85758],[-97.54223,27.85797],[-97.54263,27.85831],[-97.54335,27.8586],[-97.54432,27.85887],[-97.54573,27.85908],[-97.54669,27.85919],[-97.54792,27.85929],[-97.54847,27.85934],[-97.54877,27.85939],[-97.54916,27.85946],[-97.55127,27.85994],[-97.55276,27.8601],[-97.55426,27.86049],[-97.55509,27.86071],[-97.55612,27.86058],[-97.55644,27.86041],[-97.55658,27.86039],[-97.55752,27.86023],[-97.5582,27.86018],[-97.55913,27.86011],[-97.56058,27.86003],[-97.56234,27.85988],[-97.56393,27.85969],[-97.56442,27.85963],[-97.56573,27.85958],[-97.56657,27.85971],[-97.5677,27.85985],[-97.56837,27.86004],[-97.56986,27.86033],[-97.57201,27.86081],[-97.57231,27.86086],[-97.57314,27.86099],[-97.57402,27.86097],[-97.57528,27.86097],[-97.5756,27.86089],[-97.57589,27.86081],[-97.57642,27.86064],[-97.57772,27.86024],[-97.57845,27.85996],[-97.58071,27.85856],[-97.58086,27.85846],[-97.58281,27.85719],[-97.58508,27.85644],[-97.58595,27.8563],[-97.58623,27.85625],[-97.58658,27.8562],[-97.58787,27.85615],[-97.58948,27.8561],[-97.59188,27.857],[-97.59378,27.85879],[-97.59576,27.86227],[-97.59587,27.86246],[-97.59597,27.86265],[-97.59628,27.86319],[-97.59661,27.86369],[-97.59739,27.86485],[-97.59816,27.86597],[-97.59838,27.8663],[-97.59887,27.86659],[-97.60042,27.86755],[-97.60196,27.86849],[-97.60229,27.86869],[-97.60619,27.86967],[-97.60709,27.86989],[-97.60735,27.87026],[-97.60741,27.87035],[-97.60779,27.87089],[-97.60832,27.87124],[-97.6086,27.87143],[-97.60899,27.87169],[-97.60928,27.87255],[-97.60934,27.87274],[-97.60952,27.87331],[-97.60972,27.8739],[-97.60991,27.87451],[-97.61031,27.87574],[-97.61039,27.87599],[-97.61035,27.87626],[-97.61005,27.87838],[-97.60977,27.8805],[-97.60958,27.8817],[-97.6092,27.8844],[-97.6093,27.88808],[-97.6093,27.8882],[-97.60939,27.88885],[-97.6096,27.89037],[-97.61038,27.89117],[-97.61098,27.89177],[-97.61159,27.89237],[-97.6118,27.89259],[-97.61227,27.89266],[-97.61323,27.89281],[-97.61418,27.89296],[-97.6144,27.89299],[-97.61539,27.89287],[-97.61727,27.89265],[-97.61921,27.89241],[-97.62001,27.89232],[-97.62087,27.89222],[-97.62108,27.89219],[-97.62172,27.89238],[-97.62264,27.89265],[-97.62323,27.89282],[-97.62394,27.89303],[-97.62475,27.89366],[-97.62582,27.8945],[-97.62606,27.89468],[-97.62662,27.89511],[-97.62698,27.8954],[-97.62737,27.89541],[-97.62761,27.89542],[-97.62785,27.89543],[-97.62809,27.89544],[-97.62866,27.89547],[-97.62892,27.89548],[-97.62924,27.89549],[-97.62928,27.8955],[-97.62945,27.89547],[-97.62984,27.89543],[-97.63023,27.89538],[-97.63039,27.89536],[-97.63045,27.89535],[-97.63169,27.89442],[-97.63181,27.89412],[-97.63197,27.89386],[-97.63205,27.89364],[-97.63209,27.89348],[-97.63209,27.89345],[-97.63212,27.89338],[-97.63212,27.89311],[-97.63205,27.89287],[-97.63205,27.89281],[-97.63205,27.89268],[-97.63191,27.89239],[-97.63186,27.89231],[-97.63175,27.89217],[-97.63159,27.89199],[-97.63148,27.89185],[-97.63148,27.8918],[-97.63145,27.89176],[-97.6314,27.8917],[-97.63132,27.89162],[-97.62898,27.889],[-97.62849,27.88827],[-97.62777,27.88721],[-97.62634,27.8824],[-97.6263,27.8823],[-97.62627,27.88219],[-97.62604,27.8814],[-97.62648,27.8786],[-97.62702,27.8759],[-97.62706,27.8757],[-97.6272,27.87536],[-97.62748,27.8747],[-97.62838,27.8733],[-97.62967,27.87162],[-97.63048,27.87058],[-97.63054,27.8705],[-97.63077,27.8702],[-97.63357,27.86814],[-97.63463,27.86735],[-97.63474,27.86728],[-97.63536,27.86686],[-97.6355,27.86677],[-97.63641,27.86624],[-97.63737,27.86583],[-97.63779,27.86569],[-97.63793,27.86566],[-97.63818,27.86559],[-97.63828,27.86566],[-97.63855,27.86595],[-97.63902,27.86672],[-97.63913,27.86697],[-97.63929,27.86825],[-97.63951,27.86894],[-97.64005,27.86972],[-97.64085,27.87073],[-97.64242,27.87177],[-97.64316,27.87201],[-97.64394,27.87231],[-97.64524,27.87274],[-97.64597,27.87271],[-97.6465,27.87274],[-97.64781,27.87258],[-97.64845,27.87252],[-97.64933,27.87242],[-97.65068,27.87226],[-97.65138,27.87228],[-97.65244,27.87226],[-97.65303,27.8723],[-97.65449,27.87249],[-97.65562,27.87268],[-97.65679,27.873],[-97.65812,27.87354],[-97.6586,27.87375],[-97.65964,27.87412],[-97.66101,27.87476],[-97.66153,27.87498],[-97.66212,27.87522],[-97.66239,27.8753],[-97.66247,27.87542],[-97.66474,27.87628],[-97.66895,27.8786],[-97.67023,27.87983],[-97.67133,27.88078],[-97.67192,27.88103],[-97.67236,27.88122],[-97.67289,27.88138],[-97.67337,27.88151],[-97.67375,27.88161],[-97.6741,27.88177],[-97.67436,27.88194],[-97.67452,27.88214],[-97.67529,27.88254],[-97.67588,27.88338],[-97.67607,27.88396],[-97.67609,27.88406],[-97.67612,27.88414],[-97.6761,27.88428],[-97.67607,27.88442],[-97.67605,27.8845],[-97.67591,27.88463],[-97.67514,27.88521],[-97.67445,27.88546],[-97.67401,27.88567],[-97.67364,27.88583],[-97.67349,27.88609],[-97.67329,27.88636],[-97.67317,27.88665],[-97.67314,27.88676],[-97.67311,27.88735],[-97.673,27.8878],[-97.673,27.88833],[-97.67305,27.88861],[-97.67313,27.8889],[-97.67321,27.889],[-97.67343,27.88921],[-97.67369,27.88933],[-97.67401,27.88945],[-97.67426,27.88953],[-97.67433,27.88985],[-97.67431,27.8901],[-97.67407,27.89029],[-97.67373,27.89047],[-97.67343,27.89053],[-97.67321,27.89061],[-97.67297,27.89066],[-97.67237,27.89082],[-97.6723,27.89086],[-97.672,27.891],[-97.67191,27.89105],[-97.67151,27.89133],[-97.67129,27.89169],[-97.67117,27.89242],[-97.67127,27.89266],[-97.67151,27.89303],[-97.6718,27.89321],[-97.67236,27.89335],[-97.67285,27.89354],[-97.67345,27.89388],[-97.67372,27.89409],[-97.67399,27.89425],[-97.67425,27.89447],[-97.67487,27.89476],[-97.67548,27.89498],[-97.67599,27.89517],[-97.67652,27.89524],[-97.67679,27.89537],[-97.67711,27.8954],[-97.67732,27.89543],[-97.67749,27.89533],[-97.67764,27.89519],[-97.6778,27.89514],[-97.67788,27.89511],[-97.67802,27.89519],[-97.67804,27.89527],[-97.67809,27.89546],[-97.67813,27.89556],[-97.67809,27.89567],[-97.67804,27.89572],[-97.67788,27.89585],[-97.67775,27.89604],[-97.67762,27.89615],[-97.67753,27.89628],[-97.67748,27.89641],[-97.67746,27.89655],[-97.67745,27.89657],[-97.67743,27.89681],[-97.67759,27.89717],[-97.67788,27.89769],[-97.67804,27.89796],[-97.67836,27.89818],[-97.67869,27.89831],[-97.67917,27.89831],[-97.67937,27.89828],[-97.67977,27.89821],[-97.68009,27.89817],[-97.68036,27.89807],[-97.68052,27.89801],[-97.68066,27.89799],[-97.68084,27.89804],[-97.68085,27.89807],[-97.68081,27.89826],[-97.6806,27.89842],[-97.68039,27.8986],[-97.68023,27.89876],[-97.68022,27.89889],[-97.68021,27.89903],[-97.68018,27.89921],[-97.68018,27.89929],[-97.68015,27.89933],[-97.68009,27.89943],[-97.68013,27.89954],[-97.68023,27.89964],[-97.68037,27.89977],[-97.6805,27.89986],[-97.68061,27.89994],[-97.68069,27.90002],[-97.68074,27.90009],[-97.68082,27.9002],[-97.68089,27.90033],[-97.68101,27.9005],[-97.68154,27.9014],[-97.68165,27.90157],[-97.68178,27.90169],[-97.68196,27.9018],[-97.68218,27.90189],[-97.68236,27.90196],[-97.68255,27.90193],[-97.68265,27.90186],[-97.68274,27.90175],[-97.68279,27.90138],[-97.68279,27.90127],[-97.68277,27.90121],[-97.68271,27.90108],[-97.68268,27.9009],[-97.68274,27.90065],[-97.683,27.9002],[-97.68341,27.89975],[-97.68348,27.89972],[-97.68367,27.89967],[-97.68383,27.89965],[-97.68394,27.89964],[-97.68421,27.89961],[-97.68455,27.89969],[-97.68479,27.8998],[-97.68495,27.89985],[-97.68505,27.89993],[-97.68524,27.90001],[-97.68538,27.90017],[-97.68546,27.90026],[-97.68562,27.90041],[-97.68572,27.90049],[-97.68585,27.90061],[-97.68594,27.90068],[-97.68615,27.90076],[-97.68639,27.90082],[-97.68669,27.9009],[-97.68687,27.9009],[-97.687,27.9009],[-97.68713,27.90085],[-97.68729,27.90082],[-97.68745,27.90081],[-97.68746,27.90077],[-97.68775,27.90076],[-97.68788,27.90072],[-97.68824,27.90059],[-97.68875,27.90044],[-97.68902,27.90036],[-97.68926,27.9003],[-97.68946,27.90031],[-97.6897,27.90029],[-97.68978,27.90034],[-97.68982,27.90039],[-97.68979,27.90061],[-97.68966,27.90076],[-97.68957,27.90088],[-97.68922,27.90113],[-97.6888,27.90129],[-97.68845,27.90146],[-97.68802,27.90162],[-97.68752,27.902],[-97.68732,27.9021],[-97.68697,27.90226],[-97.68666,27.9026],[-97.68651,27.90277],[-97.68657,27.90296],[-97.68676,27.90321],[-97.68685,27.90331],[-97.68716,27.90336],[-97.68748,27.90338],[-97.68802,27.90324],[-97.68883,27.90334],[-97.6896,27.90344],[-97.68972,27.90355],[-97.69001,27.90382],[-97.6905,27.90374],[-97.69074,27.9037],[-97.69086,27.90376],[-97.69089,27.90376],[-97.69099,27.9038],[-97.69108,27.90375],[-97.69151,27.90389],[-97.6917,27.9041],[-97.69177,27.90434],[-97.6917,27.90457],[-97.69165,27.90476],[-97.6913,27.90513],[-97.69114,27.90531],[-97.69103,27.90546],[-97.69042,27.90607],[-97.68981,27.9066],[-97.68919,27.90714],[-97.68839,27.90775],[-97.68825,27.90789],[-97.68809,27.9081],[-97.68802,27.90828],[-97.68789,27.90857],[-97.68756,27.90951],[-97.68748,27.91025],[-97.68745,27.91066],[-97.68747,27.91077],[-97.68761,27.91125],[-97.68781,27.91197],[-97.68842,27.91284],[-97.68908,27.91369],[-97.68933,27.91482],[-97.68972,27.91556],[-97.6901,27.9162],[-97.69052,27.91697],[-97.69066,27.91714],[-97.69078,27.91722],[-97.6909,27.91725],[-97.69108,27.91735],[-97.69124,27.91735],[-97.6914,27.91737],[-97.69156,27.91733],[-97.69169,27.9173],[-97.69178,27.91724],[-97.69193,27.91711],[-97.69201,27.917],[-97.69209,27.91685],[-97.69287,27.9169],[-97.69298,27.91713],[-97.69327,27.91729],[-97.69391,27.91781],[-97.69505,27.91805],[-97.6957,27.91804],[-97.69644,27.9181],[-97.69694,27.91833],[-97.69705,27.91844],[-97.69713,27.9186],[-97.69761,27.91932],[-97.69814,27.91978],[-97.69874,27.92001],[-97.69892,27.91989],[-97.69903,27.91981],[-97.69918,27.91975],[-97.69929,27.91964],[-97.69937,27.91948],[-97.69942,27.91927],[-97.69942,27.91908],[-97.6994,27.91879],[-97.69937,27.9186],[-97.69927,27.91844],[-97.69919,27.91829],[-97.69911,27.9182],[-97.69895,27.91804],[-97.69876,27.9178],[-97.69868,27.91762],[-97.69865,27.91749],[-97.69874,27.9173],[-97.69884,27.91725],[-97.69902,27.91722],[-97.6991,27.91722],[-97.69934,27.91721],[-97.69944,27.91725],[-97.69951,27.91729],[-97.69993,27.91735],[-97.70012,27.91751],[-97.70038,27.91762],[-97.70076,27.91785],[-97.70127,27.91834],[-97.70186,27.91929],[-97.7025,27.92005],[-97.70262,27.92018],[-97.70268,27.92033],[-97.70271,27.92049],[-97.70268,27.92065],[-97.70278,27.92089],[-97.70289,27.92095],[-97.70298,27.92111],[-97.70359,27.92141],[-97.70421,27.92178],[-97.7047,27.92207],[-97.70529,27.92224],[-97.70588,27.92242],[-97.70668,27.92257],[-97.70822,27.92258],[-97.70876,27.92236],[-97.70913,27.92221],[-97.70982,27.92181],[-97.71055,27.92125],[-97.7112,27.92109],[-97.7118,27.92093],[-97.71289,27.92017],[-97.71379,27.91948],[-97.71423,27.91892],[-97.71473,27.91852],[-97.71506,27.91841],[-97.71523,27.91836],[-97.71599,27.91833],[-97.71642,27.91805],[-97.71648,27.91792],[-97.71654,27.9178],[-97.71662,27.91772],[-97.71668,27.91767],[-97.71673,27.91754],[-97.71675,27.91745],[-97.71676,27.91737],[-97.71676,27.91724],[-97.71675,27.91713],[-97.71667,27.917],[-97.71662,27.91685],[-97.71649,27.91663],[-97.71641,27.91652],[-97.71637,27.91649],[-97.71613,27.91631],[-97.71595,27.9161],[-97.71586,27.91601],[-97.71561,27.91566],[-97.7155,27.91551],[-97.71525,27.9146],[-97.71523,27.91449],[-97.71503,27.91333],[-97.71518,27.91252],[-97.71551,27.91186],[-97.71586,27.91154],[-97.7163,27.91154],[-97.7165,27.91156],[-97.7169,27.91154],[-97.71706,27.9116],[-97.71753,27.91178],[-97.71796,27.91233],[-97.71857,27.91311],[-97.71921,27.91359],[-97.71945,27.91377],[-97.72026,27.91481],[-97.72159,27.91541],[-97.7229,27.91588],[-97.72394,27.91629],[-97.72521,27.91649],[-97.72639,27.91633],[-97.72721,27.91599],[-97.7274,27.91591],[-97.72846,27.91521],[-97.72959,27.91455],[-97.72974,27.91442],[-97.73012,27.91553],[-97.73047,27.91596],[-97.73057,27.91601],[-97.73068,27.91607],[-97.7309,27.91613],[-97.73097,27.91618],[-97.73127,27.91629],[-97.73215,27.91621],[-97.73265,27.91601],[-97.73316,27.91591],[-97.73322,27.91589],[-97.73366,27.91581],[-97.73383,27.91578],[-97.73415,27.91559],[-97.73426,27.91549],[-97.7343,27.91541],[-97.73431,27.91505],[-97.73382,27.91399],[-97.73326,27.91317],[-97.73292,27.91273],[-97.73292,27.91258],[-97.73314,27.91241],[-97.73332,27.91229],[-97.7338,27.91212],[-97.73495,27.91173],[-97.73511,27.91175],[-97.73542,27.91175],[-97.73572,27.9118],[-97.73602,27.91188],[-97.73628,27.91204],[-97.73636,27.91226],[-97.7366,27.91308],[-97.73665,27.91349],[-97.73671,27.91405],[-97.737,27.9146],[-97.73705,27.91469],[-97.73708,27.91485],[-97.73688,27.91559],[-97.73673,27.91612],[-97.73586,27.91697],[-97.7357,27.91713],[-97.73456,27.9177],[-97.73453,27.9177],[-97.7338,27.91785],[-97.73344,27.91798],[-97.73311,27.91811],[-97.73305,27.91813],[-97.73299,27.91822],[-97.73297,27.91826],[-97.73292,27.91839],[-97.73296,27.91845],[-97.73311,27.91873],[-97.7332,27.91884],[-97.73322,27.91885],[-97.73326,27.91891],[-97.73343,27.91911],[-97.73366,27.91929],[-97.73372,27.91954],[-97.73359,27.91975],[-97.73292,27.92],[-97.73288,27.92],[-97.73256,27.91997],[-97.73189,27.91952],[-97.73165,27.91945],[-97.73145,27.91938],[-97.73129,27.91937],[-97.73097,27.91941],[-97.73084,27.91949],[-97.73064,27.91965],[-97.73042,27.91988],[-97.73,27.92066],[-97.72993,27.92078],[-97.72954,27.92147],[-97.72935,27.92191],[-97.72924,27.92215],[-97.72936,27.92232],[-97.7297,27.92281],[-97.73002,27.92329],[-97.73097,27.92393],[-97.73162,27.92433],[-97.73226,27.92469],[-97.73249,27.92492],[-97.73286,27.92513],[-97.73311,27.92533],[-97.73602,27.92586],[-97.7363,27.92593],[-97.73703,27.92583],[-97.73714,27.92584],[-97.7377,27.92588],[-97.73818,27.9257],[-97.73874,27.92559],[-97.73913,27.9257],[-97.73967,27.92597],[-97.74018,27.92618],[-97.74063,27.92637],[-97.74089,27.92652],[-97.74159,27.92676],[-97.74182,27.92685],[-97.74199,27.92682],[-97.7422,27.92689],[-97.74236,27.927],[-97.74252,27.92713],[-97.74278,27.92714],[-97.74294,27.92713],[-97.74316,27.92714],[-97.74334,27.92729],[-97.74354,27.92743],[-97.74382,27.92751],[-97.74402,27.92756],[-97.74428,27.92751],[-97.74458,27.92743],[-97.74574,27.92687],[-97.74596,27.92695],[-97.74602,27.92717],[-97.74633,27.92804],[-97.74681,27.9293],[-97.7469,27.92958],[-97.74693,27.92965],[-97.74724,27.93055],[-97.74766,27.93194],[-97.7483,27.93266],[-97.74842,27.93274],[-97.74852,27.93278],[-97.74863,27.93284],[-97.74873,27.93284],[-97.7489,27.93285],[-97.749,27.93285],[-97.74992,27.93229],[-97.74995,27.93222],[-97.75,27.93217],[-97.74999,27.93219],[-97.75001,27.93218],[-97.75073,27.93132],[-97.75091,27.93122],[-97.75104,27.93092],[-97.75147,27.93042],[-97.75186,27.93014],[-97.75389,27.9294],[-97.75581,27.92928],[-97.75607,27.92907],[-97.75608,27.92864],[-97.75484,27.9277],[-97.75461,27.92735],[-97.75461,27.9271],[-97.75493,27.92641],[-97.75532,27.92598],[-97.75592,27.92564],[-97.75652,27.92541],[-97.75718,27.92477],[-97.75792,27.92346],[-97.7582,27.92333],[-97.7588,27.92329],[-97.75966,27.92339],[-97.76018,27.92323],[-97.76062,27.9228],[-97.76094,27.92264],[-97.76121,27.92303],[-97.7615,27.92323],[-97.76241,27.92339],[-97.76281,27.9234],[-97.76296,27.92345],[-97.76314,27.92364],[-97.76336,27.92402],[-97.76352,27.92447],[-97.76336,27.92475],[-97.76315,27.92487],[-97.76221,27.92503],[-97.76192,27.92533],[-97.76172,27.92564],[-97.76158,27.92602],[-97.76161,27.9263],[-97.76171,27.92653],[-97.76201,27.92692],[-97.7623,27.92716],[-97.76239,27.92719],[-97.7626,27.92726],[-97.76317,27.92729],[-97.76356,27.9272],[-97.76417,27.92695],[-97.76446,27.92676],[-97.76457,27.92661],[-97.76457,27.92636],[-97.76463,27.92623],[-97.76496,27.92596],[-97.76515,27.92594],[-97.76546,27.92604],[-97.76589,27.92624],[-97.76644,27.92665],[-97.76657,27.92679],[-97.76682,27.92732],[-97.76688,27.92771],[-97.76686,27.92818],[-97.76666,27.92861],[-97.76616,27.92926],[-97.76531,27.93017],[-97.76452,27.93088],[-97.76389,27.93107],[-97.76326,27.9311],[-97.76304,27.93119],[-97.7629,27.93137],[-97.76287,27.93158],[-97.76254,27.93216],[-97.76225,27.93259],[-97.76197,27.93285],[-97.76189,27.93331],[-97.76205,27.93375],[-97.76218,27.93389],[-97.76276,27.93413],[-97.76317,27.93446],[-97.76337,27.93509],[-97.76337,27.93568],[-97.7635,27.93621],[-97.76385,27.93721],[-97.76431,27.93812],[-97.76458,27.93838],[-97.76502,27.93855],[-97.76543,27.9386],[-97.76599,27.93856],[-97.76625,27.93848],[-97.76637,27.93839],[-97.76652,27.93806],[-97.76656,27.93777],[-97.76652,27.9376],[-97.76644,27.93743],[-97.76622,27.93701],[-97.76629,27.93666],[-97.76656,27.9363],[-97.76708,27.93595],[-97.76729,27.93584],[-97.76779,27.93572],[-97.76891,27.93599],[-97.76917,27.93617],[-97.76962,27.93632],[-97.77058,27.93677],[-97.77137,27.93722],[-97.772,27.93758],[-97.77236,27.93774],[-97.77254,27.93781],[-97.77297,27.9379],[-97.77302,27.9379],[-97.77362,27.93794],[-97.77497,27.93774],[-97.77507,27.93774],[-97.77561,27.93773],[-97.77574,27.9378],[-97.77588,27.93787],[-97.77607,27.93815],[-97.77649,27.93906],[-97.7765,27.93907],[-97.77694,27.93967],[-97.77704,27.93987],[-97.77703,27.94016],[-97.77689,27.94061],[-97.77674,27.94139],[-97.7767,27.94196],[-97.77675,27.94217],[-97.77682,27.94234],[-97.77732,27.94295],[-97.77748,27.94308],[-97.77818,27.94367],[-97.77843,27.94383],[-97.77867,27.94399],[-97.77926,27.94405],[-97.77961,27.94422],[-97.77978,27.94437],[-97.77993,27.94463],[-97.78002,27.94496],[-97.77998,27.94514],[-97.77974,27.94551],[-97.77932,27.94589],[-97.77876,27.9464],[-97.77863,27.94651],[-97.77826,27.94685],[-97.77824,27.94687],[-97.77819,27.94701],[-97.77825,27.94728],[-97.7784,27.94741],[-97.77848,27.94744],[-97.77865,27.94752],[-97.77953,27.94755],[-97.78013,27.94765],[-97.78028,27.94767],[-97.7804,27.94767],[-97.78068,27.94767],[-97.78069,27.94766],[-97.78073,27.94765],[-97.78074,27.94765],[-97.78175,27.94735],[-97.78251,27.94725],[-97.78277,27.94716],[-97.78318,27.94682],[-97.78382,27.94599],[-97.7841,27.94574],[-97.78482,27.94534],[-97.78595,27.9448],[-97.78648,27.94468],[-97.78662,27.94468],[-97.78764,27.94467],[-97.78843,27.94441],[-97.78917,27.94412],[-97.79078,27.94369],[-97.79166,27.94363],[-97.79214,27.94366],[-97.79269,27.94376],[-97.79288,27.94374],[-97.7932,27.94351],[-97.79348,27.94304],[-97.79365,27.94289],[-97.79485,27.94259],[-97.79518,27.94245],[-97.79553,27.94222],[-97.79577,27.94193],[-97.79614,27.94096],[-97.79623,27.94076],[-97.7965,27.9404],[-97.79652,27.94008],[-97.7964,27.93978],[-97.79552,27.93841],[-97.79543,27.93813],[-97.79542,27.93788],[-97.79557,27.93759],[-97.79603,27.93732],[-97.79657,27.93718],[-97.79673,27.93707],[-97.79685,27.93692],[-97.79701,27.93637],[-97.79697,27.93547],[-97.7969,27.93531],[-97.79653,27.93484],[-97.79644,27.93449],[-97.79657,27.93427],[-97.79674,27.93411],[-97.79697,27.93402],[-97.79718,27.93393],[-97.79746,27.93395],[-97.79759,27.93403],[-97.79763,27.93416],[-97.79768,27.93434],[-97.79764,27.93466],[-97.7977,27.9349],[-97.79802,27.93536],[-97.79832,27.93569],[-97.79854,27.93585],[-97.79873,27.9359],[-97.79949,27.93582],[-97.79993,27.93566],[-97.80023,27.93533],[-97.8011,27.93465],[-97.80164,27.93412],[-97.80192,27.93392],[-97.80213,27.93383],[-97.8024,27.93387],[-97.80255,27.93399],[-97.80285,27.93423],[-97.80295,27.93435],[-97.80344,27.93495],[-97.80349,27.93548],[-97.80366,27.93562],[-97.80373,27.93565],[-97.80405,27.93579],[-97.80423,27.93576],[-97.80433,27.93575],[-97.80459,27.93558],[-97.80482,27.93529],[-97.80494,27.9352],[-97.80518,27.93487],[-97.80577,27.93428],[-97.80596,27.93424],[-97.80628,27.93429],[-97.80629,27.9343],[-97.80649,27.93439],[-97.8068,27.93471],[-97.80689,27.935],[-97.80683,27.93532],[-97.80642,27.93579],[-97.80611,27.93587],[-97.80581,27.9358],[-97.80574,27.93585],[-97.80559,27.9361],[-97.80562,27.93638],[-97.80578,27.93659],[-97.80589,27.93663],[-97.80617,27.93665],[-97.80644,27.9366],[-97.80668,27.93663],[-97.80687,27.93676],[-97.80709,27.93702],[-97.80725,27.93731],[-97.80734,27.9377],[-97.80731,27.93813],[-97.80717,27.93865],[-97.80718,27.9389],[-97.80727,27.9391],[-97.80768,27.93959],[-97.80795,27.93981],[-97.80939,27.94096],[-97.80955,27.94116],[-97.80961,27.9414],[-97.80956,27.94161],[-97.80949,27.94174],[-97.80945,27.94181],[-97.80929,27.94191],[-97.80927,27.94191],[-97.80913,27.94192],[-97.80848,27.94162],[-97.80822,27.9415],[-97.80789,27.94134],[-97.80709,27.94125],[-97.80628,27.94107],[-97.80614,27.94111],[-97.80603,27.94121],[-97.80592,27.94148],[-97.80594,27.94177],[-97.80615,27.94215],[-97.80622,27.9424],[-97.80625,27.94294],[-97.80616,27.94313],[-97.80581,27.94357],[-97.8055,27.9442],[-97.80553,27.94442],[-97.80571,27.94474],[-97.80618,27.94507],[-97.8066,27.94518],[-97.80688,27.94517],[-97.80706,27.94509],[-97.80748,27.94476],[-97.80797,27.94433],[-97.80829,27.94418],[-97.80886,27.94401],[-97.80926,27.94402],[-97.80941,27.94406],[-97.80964,27.94451],[-97.80964,27.94465],[-97.80961,27.94477],[-97.80879,27.94563],[-97.80867,27.94587],[-97.80879,27.94834],[-97.80907,27.949],[-97.80934,27.94963],[-97.81,27.95075],[-97.8102,27.9512],[-97.8102,27.95166],[-97.80997,27.9525],[-97.80997,27.95316],[-97.81018,27.95396],[-97.81021,27.95536],[-97.80983,27.95677],[-97.80984,27.95776],[-97.81032,27.95866],[-97.81039,27.95883],[-97.81069,27.95966],[-97.8107,27.95977],[-97.81055,27.96028],[-97.81054,27.96049],[-97.81076,27.96117],[-97.81095,27.9614],[-97.81126,27.96163],[-97.81185,27.96192],[-97.81255,27.96219],[-97.81278,27.96268],[-97.81273,27.96307],[-97.81251,27.96328],[-97.81216,27.96373],[-97.81202,27.96407],[-97.81201,27.96439],[-97.81222,27.96482],[-97.81289,27.96563],[-97.81341,27.96607],[-97.81413,27.96653],[-97.81497,27.96688],[-97.81535,27.96719],[-97.81566,27.96753],[-97.81607,27.96835],[-97.8162,27.9685],[-97.81624,27.96852],[-97.81637,27.9686],[-97.81698,27.96877],[-97.81701,27.9688],[-97.81729,27.96905],[-97.8174,27.96924],[-97.81743,27.96956],[-97.8176,27.97008],[-97.81762,27.97048],[-97.81758,27.97061],[-97.81727,27.97095],[-97.81715,27.97108],[-97.817,27.9713],[-97.81683,27.97164],[-97.81681,27.97165],[-97.81676,27.9719],[-97.81646,27.97247],[-97.81642,27.97311],[-97.81634,27.97327],[-97.81586,27.97354],[-97.81499,27.97362],[-97.81454,27.97363],[-97.81406,27.97371],[-97.81333,27.97405],[-97.81321,27.97411],[-97.81233,27.97438],[-97.81184,27.97462],[-97.81156,27.97488],[-97.81129,27.97491],[-97.81089,27.97475],[-97.81066,27.97446],[-97.81052,27.97409],[-97.81048,27.97362],[-97.81015,27.9727],[-97.80984,27.97238],[-97.80953,27.97221],[-97.80931,27.97213],[-97.80863,27.97212],[-97.80843,27.97216],[-97.80815,27.9723],[-97.80769,27.97259],[-97.80712,27.97311],[-97.80678,27.9736],[-97.80655,27.97413],[-97.8064,27.97589],[-97.80599,27.97787],[-97.80598,27.97887],[-97.80591,27.97904],[-97.80581,27.97911],[-97.80557,27.97929],[-97.80516,27.97943],[-97.80336,27.97934],[-97.8028,27.97939],[-97.80264,27.9795],[-97.8023,27.98003],[-97.80212,27.98065],[-97.80213,27.98099],[-97.80213,27.98123],[-97.80202,27.98202],[-97.80192,27.98271],[-97.80177,27.983],[-97.80159,27.98359],[-97.80122,27.98501],[-97.80101,27.9858],[-97.80089,27.98599],[-97.8004,27.98681],[-97.79963,27.98768],[-97.79953,27.9879],[-97.79941,27.98814],[-97.79862,27.98944],[-97.79853,27.98967],[-97.79857,27.99036],[-97.79889,27.99129],[-97.79902,27.99147],[-97.79921,27.9916],[-97.79976,27.99171],[-97.79992,27.9918],[-97.8001,27.99208],[-97.80017,27.99258],[-97.80013,27.99286],[-97.79987,27.99331],[-97.79943,27.99362],[-97.7992,27.99377],[-97.79888,27.99409],[-97.79868,27.99444],[-97.79848,27.99506],[-97.7985,27.99535],[-97.79852,27.99564],[-97.79852,27.99566],[-97.79863,27.99557],[-97.81381,27.9831],[-97.81411,27.98285],[-97.81452,27.98253],[-97.81456,27.98249],[-97.81467,27.98241],[-97.81488,27.98224],[-97.81506,27.98209],[-97.81611,27.98122],[-97.81694,27.98055],[-97.8175,27.98008],[-97.81989,27.97812],[-97.82005,27.97799],[-97.82332,27.97529],[-97.82449,27.97437],[-97.82632,27.97287],[-97.82758,27.97183],[-97.83136,27.96873],[-97.83262,27.9677],[-97.8327,27.96763],[-97.83326,27.96717],[-97.83553,27.96529],[-97.83579,27.96507],[-97.83893,27.96254],[-97.84215,27.9599],[-97.84234,27.95974],[-97.84292,27.95927],[-97.84308,27.95914],[-97.84311,27.95912],[-97.8463,27.95651],[-97.84809,27.95504],[-97.84957,27.95383],[-97.85053,27.95303],[-97.85539,27.94906],[-97.85906,27.94606],[-97.8741,27.93379],[-97.8752,27.93285],[-97.88663,27.92354],[-97.88816,27.92225],[-97.898,27.91425],[-97.89833,27.91404],[-97.90247,27.91128],[-97.90449,27.90963],[-97.9046,27.90954],[-97.90471,27.90944],[-97.9085,27.90634],[-97.91383,27.90197],[-97.91401,27.90182],[-97.92101,27.89609],[-97.9296,27.88904],[-97.92962,27.88902],[-97.93428,27.8852],[-97.93419,27.8753],[-97.93413,27.87444],[-97.93401,27.86776],[-97.93405,27.86712],[-97.93404,27.867],[-97.93398,27.86198],[-97.93395,27.85971],[-97.93395,27.85959],[-97.93393,27.8578],[-97.93391,27.85619],[-97.93387,27.85266],[-97.93386,27.85199],[-97.93381,27.84763],[-97.9339,27.83959],[-97.9339,27.8395],[-97.93374,27.83344],[-97.93373,27.83322],[-97.93377,27.83313],[-97.93384,27.83297],[-97.93381,27.82361],[-97.93368,27.82029],[-97.93373,27.81878],[-97.93384,27.81859],[-97.93384,27.81858],[-97.93371,27.80407],[-97.93371,27.78955],[-97.93367,27.78842],[-97.93366,27.78621],[-97.93367,27.78392],[-97.93363,27.78062],[-97.93374,27.77718],[-97.93361,27.77689],[-97.93366,27.77663],[-97.93367,27.77644],[-97.93405,27.76965],[-97.9352,27.7503],[-97.93537,27.74789],[-97.93565,27.74327],[-97.93661,27.72506],[-97.93694,27.71873],[-97.93746,27.70933],[-97.93775,27.70431],[-97.93817,27.69711],[-97.93826,27.6958],[-97.93827,27.69547],[-97.93826,27.69536],[-97.9383,27.69416],[-97.93849,27.69151],[-97.93875,27.68839],[-97.939,27.68573],[-97.93905,27.68525],[-97.93933,27.68219],[-97.93954,27.67959],[-97.93958,27.67902],[-97.93968,27.67731],[-97.93971,27.67675],[-97.93977,27.67571],[-97.93996,27.6726],[-97.93999,27.67206],[-97.94002,27.67157],[-97.94003,27.67141],[-97.94006,27.67092],[-97.94007,27.67076],[-97.94038,27.66586],[-97.94074,27.65977],[-97.94097,27.65594],[-97.94101,27.65526],[-97.94107,27.65427],[-97.94127,27.65132],[-97.94134,27.65033],[-97.94137,27.64983],[-97.94145,27.64834],[-97.94148,27.64784],[-97.94215,27.63593],[-97.94483,27.63598],[-97.94573,27.63593],[-97.94799,27.63593],[-97.95005,27.63595],[-97.95091,27.63595],[-97.95592,27.63596],[-97.95717,27.63591],[-97.96727,27.63587],[-97.96956,27.63588],[-97.97018,27.63589],[-97.97117,27.63589],[-97.97216,27.6359],[-97.97324,27.63589],[-97.97649,27.63587],[-97.97905,27.63585],[-97.98,27.63585],[-97.98255,27.63584],[-97.98287,27.63584],[-97.98425,27.63584],[-97.98574,27.63582],[-97.98594,27.63583],[-97.9867,27.63582],[-98.00143,27.63571],[-98.00145,27.63571],[-98.00149,27.63571],[-98.00151,27.63571],[-98.00154,27.63571],[-98.00494,27.63575],[-98.00574,27.63574],[-98.01191,27.63571],[-98.01268,27.63574],[-98.01458,27.63575],[-98.01722,27.63576],[-98.01799,27.63567],[-98.01804,27.63574],[-98.02579,27.63573],[-98.02592,27.63579],[-98.02991,27.63579],[-98.04622,27.63579],[-98.04727,27.63579],[-98.05043,27.63579],[-98.05149,27.63579],[-98.05254,27.63579],[-98.05571,27.63579],[-98.05677,27.63579],[-98.05731,27.63579],[-98.0589,27.63579],[-98.05893,27.6358],[-98.05947,27.63586],[-98.05949,27.63589],[-98.05962,27.63588],[-98.05981,27.63587],[-98.05979,27.63246],[-98.05977,27.62534],[-98.05968,27.61376],[-98.05968,27.61145],[-98.05967,27.60923],[-98.05961,27.60066],[-98.0596,27.60024],[-98.05959,27.59617],[-98.05959,27.59516],[-98.05958,27.59143],[-98.05958,27.58859],[-98.05957,27.58754],[-98.05956,27.58647],[-98.05952,27.58104],[-98.05952,27.58091],[-98.05953,27.58052],[-98.05953,27.58039],[-98.05953,27.5802],[-98.05954,27.57996],[-98.05954,27.57984],[-98.05954,27.57972],[-98.05954,27.57961],[-98.05954,27.57941],[-98.05955,27.57911],[-98.05956,27.57847],[-98.05956,27.57821],[-98.05955,27.5779],[-98.05954,27.57666],[-98.05952,27.5732],[-98.05952,27.57294],[-98.05951,27.5717],[-98.05951,27.57027],[-98.0595,27.56598],[-98.05949,27.56455],[-98.05949,27.56363],[-98.05949,27.56333],[-98.05948,27.56122],[-98.05947,27.55967],[-98.05947,27.55845],[-98.05945,27.55487],[-98.05945,27.55446],[-98.05944,27.55301],[-98.05941,27.54945],[-98.05939,27.54662],[-98.05938,27.54588],[-98.05938,27.54554],[-98.05936,27.54275],[-98.05934,27.53823],[-98.05933,27.53448],[-98.0593,27.52913],[-98.0593,27.52903],[-98.05928,27.52429],[-98.05928,27.52189],[-98.05926,27.51745],[-98.05918,27.51051],[-98.05917,27.50707],[-98.05916,27.50485],[-98.05916,27.50138],[-98.05916,27.50033],[-98.05919,27.49822],[-98.05922,27.49601],[-98.05922,27.49549],[-98.05921,27.49395],[-98.05921,27.49343],[-98.05918,27.48731],[-98.05912,27.47598],[-98.05912,27.47566],[-98.05911,27.47261],[-98.05909,27.46965],[-98.05905,27.46166],[-98.05905,27.46055],[-98.05905,27.46028],[-98.05904,27.45947],[-98.05904,27.4592],[-98.05903,27.45752],[-98.05901,27.45248],[-98.059,27.4508],[-98.05899,27.44823],[-98.05895,27.44053],[-98.05894,27.43796],[-98.05892,27.43447],[-98.05887,27.42398],[-98.05885,27.42049],[-98.05884,27.41595],[-98.05879,27.40232],[-98.05878,27.39821],[-98.05878,27.39809],[-98.05878,27.39778],[-98.05878,27.39772],[-98.05878,27.39749],[-98.05876,27.39438],[-98.05876,27.39437],[-98.05875,27.39271],[-98.05874,27.39206],[-98.05872,27.38892],[-98.0587,27.38535],[-98.05864,27.37652],[-98.05864,27.37531],[-98.05863,27.36571],[-98.05863,27.36567],[-98.05861,27.36206],[-98.05859,27.35839],[-98.05857,27.3549],[-98.05856,27.35208],[-98.05856,27.35204],[-98.05856,27.35189],[-98.05855,27.35132],[-98.05855,27.35113],[-98.05854,27.34988],[-98.05853,27.34671],[-98.05847,27.33478],[-98.05844,27.3303],[-98.05843,27.32777],[-98.05837,27.31671],[-98.05834,27.31118],[-98.05833,27.30833],[-98.05832,27.30589],[-98.05827,27.29927],[-98.05827,27.2991],[-98.05827,27.29859],[-98.05827,27.29843],[-98.05826,27.29657],[-98.05825,27.29429],[-98.05818,27.27997],[-98.05817,27.27792],[-98.05816,27.276],[-98.05812,27.26806],[-98.05811,27.26578],[-98.05809,27.26098],[-98.057,27.26097],[-98.03857,27.2608],[-98.03559,27.26077],[-98.03047,27.26071],[-98.01509,27.26055],[-98.00996,27.2605],[-98.00641,27.26056],[-98.00029,27.26067],[-97.99576,27.26062],[-97.99221,27.26057],[-97.98904,27.26054],[-97.98648,27.26049],[-97.98608,27.26049],[-97.98602,27.25681],[-97.98595,27.25041],[-97.98594,27.25032],[-97.98586,27.25032],[-97.98586,27.24997],[-97.98586,27.24992],[-97.98586,27.24903],[-97.98587,27.24249],[-97.98586,27.23852],[-97.98587,27.22508],[-97.98586,27.22186],[-97.98586,27.22157],[-97.98589,27.21266],[-97.98589,27.21225],[-97.98589,27.2104],[-97.98589,27.20499],[-97.9859,27.19741],[-97.9859,27.19338],[-97.98588,27.19203],[-97.98584,27.18771],[-97.98583,27.18573],[-97.98581,27.18426],[-97.98577,27.18011],[-97.98585,27.1739],[-97.98587,27.17203],[-97.98587,27.17192],[-97.98589,27.17045],[-97.9859,27.16948],[-97.9859,27.16927],[-97.98589,27.16657],[-97.98588,27.1656],[-97.98587,27.1645],[-97.98588,27.15203],[-97.98588,27.15023],[-97.98587,27.13916],[-97.98584,27.12532],[-97.98579,27.1113],[-97.98575,27.09773],[-97.98574,27.09615],[-97.98574,27.08983],[-97.98574,27.08916],[-97.98574,27.08645],[-97.98574,27.08594],[-97.98574,27.07903],[-97.98574,27.07781],[-97.98574,27.07712],[-97.98574,27.07506],[-97.98574,27.07383],[-97.98574,27.07218],[-97.98574,27.07164],[-97.98573,27.07125],[-97.98571,27.07032],[-97.98571,27.07008],[-97.98571,27.0697],[-97.98571,27.06562],[-97.98571,27.05462],[-97.98571,27.05341],[-97.98572,27.04934],[-97.98572,27.04689],[-97.98572,27.03953],[-97.98572,27.03708],[-97.98572,27.02806],[-97.98573,27.0258],[-97.98573,27.02365],[-97.98573,27.01718],[-97.98573,27.01502],[-97.98573,27.01421],[-97.98573,27.012],[-97.98573,27.01177],[-97.98573,27.01096],[-97.98573,27.0104],[-97.98573,27.00874],[-97.98574,27.00818],[-97.98574,27.00622],[-97.98574,27.00034],[-97.98574,27.00032],[-97.98586,26.99881],[-97.98586,26.99838],[-97.98585,26.99625],[-97.98582,26.98986],[-97.98581,26.98773],[-97.98579,26.98337],[-97.98573,26.9705],[-97.98573,26.97031],[-97.98571,26.96596],[-97.98569,26.9609],[-97.98564,26.94782],[-97.98565,26.94434],[-97.98565,26.94354],[-97.98565,26.94334],[-97.98565,26.94307],[-97.98565,26.94273],[-97.98565,26.94253],[-97.98566,26.93914],[-97.9857,26.929],[-97.98571,26.92562],[-97.98572,26.92485],[-97.98573,26.92269],[-97.98573,26.92232],[-97.98573,26.92206],[-97.98573,26.92195],[-97.98573,26.92105],[-97.98572,26.91139],[-97.98571,26.90784],[-97.98571,26.90761],[-97.98571,26.90691],[-97.98571,26.90667],[-97.98571,26.90633],[-97.98571,26.90531],[-97.98571,26.90497],[-97.9857,26.90168],[-97.98569,26.89733],[-97.98561,26.87533],[-97.98561,26.87444],[-97.98558,26.86681],[-97.98556,26.86204],[-97.98551,26.84772],[-97.9855,26.84295],[-97.98549,26.84139],[-97.98548,26.83671],[-97.98548,26.83515],[-97.98547,26.82257],[-97.98547,26.82076],[-97.98547,26.8197],[-97.98547,26.81757],[-97.98547,26.81116],[-97.98547,26.80903],[-97.98547,26.80722],[-97.98548,26.80181],[-97.98548,26.8],[-97.98548,26.79381],[-97.9855,26.78091],[-97.98551,26.77758],[-97.98551,26.77493],[-97.98554,26.757],[-97.98555,26.75102],[-97.98555,26.75071],[-97.98555,26.75063],[-97.98555,26.75033],[-97.9855,26.74998],[-97.98549,26.74935],[-97.98542,26.7455],[-97.9854,26.74421],[-97.9854,26.74414],[-97.9854,26.74262],[-97.9854,26.73783],[-97.9854,26.73626],[-97.9854,26.73624],[-97.9854,26.73588],[-97.9854,26.73442],[-97.9854,26.73374],[-97.9854,26.73362],[-97.9854,26.73357],[-97.9854,26.73352],[-97.9854,26.73335],[-97.9854,26.73329],[-97.9854,26.73172],[-97.98539,26.72702],[-97.98539,26.7256],[-97.98539,26.72373],[-97.98539,26.71857],[-97.9854,26.71689],[-97.9854,26.71685],[-97.9854,26.71476],[-97.9854,26.70849],[-97.9854,26.7064],[-97.9854,26.70629],[-97.9854,26.70595],[-97.9854,26.70584],[-97.9854,26.70559],[-97.9854,26.70485],[-97.9854,26.70461],[-97.9854,26.70294],[-97.9854,26.70082],[-97.9854,26.69797],[-97.9854,26.69632],[-97.9854,26.69289],[-97.9854,26.68261],[-97.9854,26.67919],[-97.9854,26.67229],[-97.98541,26.65162],[-97.98541,26.64767],[-97.98541,26.64756],[-97.98541,26.64745],[-97.98541,26.64476],[-97.98541,26.64473],[-97.98541,26.64334],[-97.98542,26.63917],[-97.98542,26.6389],[-97.9854,26.63798],[-97.9854,26.63778],[-97.98541,26.63638],[-97.98542,26.63291],[-97.98542,26.63215],[-97.98541,26.63075],[-97.98541,26.62968],[-97.98541,26.62647],[-97.98541,26.62541],[-97.98541,26.62534],[-97.98541,26.62527],[-97.98539,26.62325],[-97.98532,26.61677],[-97.98531,26.61581],[-97.98413,26.61564],[-97.98406,26.61562],[-97.98268,26.61543],[-97.97924,26.61493],[-97.97917,26.61492],[-97.97832,26.6148],[-97.97687,26.61459],[-97.97686,26.61458],[-97.97501,26.61432],[-97.96945,26.61351],[-97.9676,26.61325],[-97.96675,26.61312],[-97.96421,26.61276],[-97.96337,26.61264],[-97.96283,26.61256],[-97.96125,26.61232],[-97.96071,26.61224],[-97.96068,26.61224],[-97.96067,26.61224],[-97.96002,26.61214],[-97.95807,26.61186],[-97.95741,26.61177],[-97.95743,26.61167],[-97.95748,26.61137],[-97.9575,26.61127],[-97.95814,26.60742],[-97.9588,26.60349],[-97.95937,26.60012],[-97.96005,26.59604],[-97.96055,26.59305],[-97.96063,26.59256],[-97.96088,26.59109],[-97.96096,26.59061],[-97.96256,26.58106],[-97.96343,26.57451],[-97.96443,26.56875],[-97.9681,26.56892],[-97.96867,26.5622],[-97.96825,26.56017],[-97.96877,26.55398],[-97.97008,26.55225],[-97.96958,26.55184],[-97.96885,26.55135],[-97.96515,26.53799],[-97.96395,26.53364],[-97.96392,26.5335],[-97.96459,26.5336],[-97.98049,26.53599],[-97.98273,26.53633],[-97.98303,26.53637],[-97.98393,26.53651],[-97.98423,26.53656],[-97.98438,26.53658],[-97.9848,26.53418],[-97.98615,26.52657],[-97.9866,26.52403],[-97.98675,26.52322],[-97.98717,26.52079],[-97.98732,26.51998],[-97.98747,26.51912],[-97.98792,26.51655],[-97.98808,26.5157],[-97.9908,26.50034],[-97.99188,26.4941],[-97.99189,26.49406],[-97.99188,26.49377],[-97.99193,26.49349],[-97.99229,26.49131],[-97.9953,26.49174],[-97.99652,26.49191],[-97.99659,26.49154],[-97.99818,26.48248],[-97.99859,26.47988],[-97.99893,26.47829],[-97.999,26.47793],[-97.99903,26.47777],[-97.99903,26.47774],[-97.99904,26.47767],[-97.99905,26.47765],[-97.99905,26.47762],[-97.99907,26.47752],[-97.99908,26.47749],[-98.00029,26.4705],[-98.001,26.46674],[-98.00168,26.46321],[-98.00231,26.45961],[-98.00237,26.45957],[-98.00265,26.45805],[-98.00292,26.45618],[-98.00292,26.45616],[-98.00294,26.45606],[-98.00297,26.45589],[-98.0042,26.44878],[-98.00208,26.44847],[-98.00039,26.44822],[-98.00031,26.44821],[-98.00012,26.44818],[-97.99019,26.44678],[-97.98969,26.44664],[-97.98943,26.44658],[-97.98892,26.44655],[-97.98836,26.44651],[-97.98833,26.44651],[-97.988,26.44648],[-97.98772,26.44644],[-97.98738,26.44639],[-97.98725,26.44638],[-97.98697,26.44635],[-97.98669,26.44629],[-97.98643,26.44626],[-97.98535,26.44607],[-97.9844,26.44593],[-97.98436,26.44593],[-97.98429,26.44593],[-97.98419,26.44591],[-97.9838,26.44585],[-97.98364,26.44583],[-97.98298,26.44574],[-97.98249,26.44568],[-97.98201,26.44561],[-97.98113,26.44547],[-97.98065,26.44538],[-97.9805,26.44536],[-97.98036,26.44534],[-97.9802,26.44532],[-97.97972,26.44524],[-97.97905,26.44515],[-97.97847,26.44506],[-97.97814,26.44501],[-97.97726,26.44489],[-97.9769,26.44483],[-97.97653,26.44479],[-97.97616,26.44475],[-97.97557,26.44466],[-97.97471,26.44455],[-97.97402,26.44446],[-97.97351,26.44438],[-97.97318,26.44434],[-97.97286,26.44429],[-97.97244,26.44423],[-97.9724,26.44422],[-97.97157,26.44408],[-97.97103,26.444],[-97.96997,26.44385],[-97.96931,26.44375],[-97.96878,26.44368],[-97.96813,26.44357],[-97.96621,26.4433],[-97.96444,26.44302],[-97.96441,26.44302],[-97.9643,26.44301],[-97.96416,26.44298],[-97.96304,26.44281],[-97.96185,26.44265],[-97.96139,26.44258],[-97.96076,26.4425],[-97.96044,26.44245],[-97.9603,26.44242],[-97.9602,26.4424],[-97.95997,26.44236],[-97.95853,26.44219],[-97.95817,26.44214],[-97.95807,26.44213],[-97.9578,26.44208],[-97.95648,26.4419],[-97.95631,26.44187],[-97.95616,26.44184],[-97.95523,26.4417],[-97.9544,26.44159],[-97.95342,26.44145],[-97.95311,26.44141],[-97.95224,26.44128],[-97.95186,26.44123],[-97.95075,26.44107],[-97.95005,26.44098],[-97.94941,26.44087],[-97.94882,26.44079],[-97.9486,26.44075],[-97.94837,26.44071],[-97.94757,26.4406],[-97.94671,26.44047],[-97.94551,26.44027],[-97.94519,26.44023],[-97.94472,26.44016],[-97.94441,26.44011],[-97.94398,26.44006],[-97.94329,26.43995],[-97.9426,26.43984],[-97.94247,26.43983],[-97.94209,26.43977],[-97.94165,26.43972],[-97.94137,26.43968],[-97.94102,26.43963],[-97.94055,26.43956],[-97.9404,26.43955],[-97.93978,26.43945],[-97.93916,26.43936],[-97.93895,26.43933],[-97.93813,26.4392],[-97.93752,26.43912],[-97.93634,26.43894],[-97.93607,26.4389],[-97.93512,26.43876],[-97.93485,26.43871],[-97.93388,26.4386],[-97.93317,26.43849],[-97.93263,26.43841],[-97.93143,26.43822],[-97.93069,26.43814],[-97.93057,26.43812],[-97.93053,26.43812],[-97.93022,26.43808],[-97.92999,26.43805],[-97.92987,26.43803],[-97.92977,26.43802],[-97.929,26.4379],[-97.92856,26.43784],[-97.92849,26.43783],[-97.92775,26.43773],[-97.92748,26.43769],[-97.92683,26.43759],[-97.9265,26.43754],[-97.92649,26.43754],[-97.92644,26.43753],[-97.9261,26.43748],[-97.92603,26.43746],[-97.92595,26.43745],[-97.9248,26.43742],[-97.92462,26.43741],[-97.92445,26.4374],[-97.92409,26.43733],[-97.92397,26.4373],[-97.92388,26.43728],[-97.92371,26.43725],[-97.92339,26.43719],[-97.92267,26.43704],[-97.91705,26.43623],[-97.91503,26.43593],[-97.91215,26.43548],[-97.90848,26.43495],[-97.90838,26.43492],[-97.90835,26.43491],[-97.90831,26.43491],[-97.90831,26.43485],[-97.90832,26.43482],[-97.90852,26.43324],[-97.90828,26.43324],[-97.908,26.43324],[-97.90658,26.43324],[-97.90613,26.43326],[-97.90208,26.43329],[-97.89915,26.43332],[-97.89033,26.43331],[-97.89032,26.43331],[-97.89036,26.43334],[-97.89035,26.43336],[-97.89033,26.43339],[-97.8903,26.43341],[-97.89025,26.43342],[-97.89017,26.43343],[-97.88825,26.43344],[-97.88786,26.43344],[-97.88059,26.4335],[-97.87887,26.43351],[-97.87529,26.43352],[-97.87239,26.43353],[-97.86894,26.43355],[-97.86877,26.43355],[-97.86747,26.43355],[-97.86354,26.43357],[-97.86224,26.43358],[-97.86193,26.43358],[-97.86193,26.43296],[-97.86192,26.42927],[-97.86191,26.4234],[-97.8619,26.42206],[-97.86188,26.40754],[-97.86186,26.40028],[-97.86185,26.39302],[-97.86183,26.38601],[-97.86183,26.38578],[-97.86184,26.3824],[-97.86184,26.38225],[-97.86184,26.38218],[-97.86184,26.3821],[-97.86185,26.37534],[-97.86188,26.37274],[-97.86188,26.37264],[-97.86189,26.34805],[-97.8619,26.34787],[-97.86191,26.34506],[-97.86192,26.34222],[-97.86192,26.34214],[-97.86193,26.33936],[-97.86194,26.33852],[-97.86196,26.33157],[-97.86205,26.32774],[-97.86206,26.3277],[-97.86208,26.32762],[-97.86206,26.32701],[-97.862,26.32456],[-97.86199,26.32446],[-97.86199,26.32414],[-97.86198,26.32403],[-97.86198,26.32386],[-97.86195,26.32334],[-97.86195,26.32316],[-97.86194,26.323],[-97.86193,26.32282],[-97.86191,26.32249],[-97.8619,26.32233],[-97.86189,26.31931],[-97.86192,26.31903],[-97.86188,26.31824],[-97.86185,26.31775],[-97.86185,26.3177],[-97.86186,26.31768],[-97.86188,26.31761],[-97.86186,26.31752],[-97.86185,26.31742],[-97.8619,26.31699],[-97.8619,26.31695],[-97.8619,26.31694],[-97.8619,26.31687],[-97.8619,26.31674],[-97.8619,26.31671],[-97.86193,26.31648],[-97.86193,26.31632],[-97.86179,26.31295],[-97.8618,26.31205],[-97.86184,26.31036],[-97.86189,26.30761],[-97.8619,26.30714],[-97.8619,26.30707],[-97.8619,26.30262],[-97.8619,26.29536],[-97.8619,26.29511],[-97.8619,26.29398],[-97.8619,26.29034],[-97.8619,26.28447],[-97.8619,26.28406],[-97.86191,26.27766],[-97.86191,26.27148],[-97.86191,26.25901],[-97.86191,26.25887],[-97.86191,26.25492],[-97.86191,26.25174],[-97.86192,26.2487],[-97.86191,26.24812],[-97.86192,26.24547],[-97.86192,26.24449],[-97.86192,26.24103],[-97.86192,26.2409],[-97.86192,26.24072],[-97.86192,26.23479],[-97.86192,26.2336],[-97.86192,26.2313],[-97.86192,26.23096],[-97.86192,26.23005],[-97.86192,26.22998],[-97.86192,26.22987],[-97.86192,26.22643],[-97.86192,26.22633],[-97.86192,26.22626],[-97.86193,26.2192],[-97.86193,26.21875],[-97.86193,26.21545],[-97.86193,26.21427],[-97.86193,26.2118],[-97.86193,26.20469],[-97.86193,26.20419],[-97.86193,26.20093],[-97.86193,26.1991],[-97.86194,26.19723],[-97.86193,26.19582],[-97.86194,26.19332],[-97.86194,26.18997],[-97.86194,26.1864],[-97.86194,26.18139],[-97.86194,26.17947],[-97.86211,26.17183],[-97.86211,26.17174],[-97.86198,26.16567],[-97.86198,26.16565],[-97.86195,26.16435],[-97.8619,26.16183],[-97.8619,26.16155],[-97.86189,26.16111],[-97.86189,26.16108],[-97.86186,26.15989],[-97.86189,26.15989],[-97.86186,26.15988],[-97.86186,26.1597],[-97.86185,26.15962],[-97.86185,26.15948],[-97.86185,26.15923],[-97.86183,26.15837],[-97.86182,26.15791],[-97.86182,26.15777],[-97.8618,26.15707],[-97.86179,26.15652],[-97.86177,26.15566],[-97.86177,26.15546],[-97.86174,26.1539],[-97.86172,26.15287],[-97.86171,26.15252],[-97.8617,26.15195],[-97.86169,26.15173],[-97.86189,26.14948],[-97.86189,26.14941],[-97.86189,26.14208],[-97.86188,26.13547],[-97.86187,26.13197],[-97.86187,26.13187],[-97.86187,26.13182],[-97.86189,26.13035],[-97.86189,26.13005],[-97.86189,26.12998],[-97.86189,26.1299],[-97.86189,26.11364],[-97.86189,26.11259],[-97.86189,26.11198],[-97.86189,26.10922],[-97.86189,26.08438],[-97.86189,26.08419],[-97.86189,26.08384],[-97.86189,26.08367],[-97.86189,26.08194],[-97.86189,26.07085],[-97.86181,26.07027],[-97.8618,26.07018],[-97.8618,26.07013],[-97.86179,26.07009],[-97.86179,26.07006],[-97.86182,26.06995],[-97.86183,26.06992],[-97.862,26.06991],[-97.86222,26.06986],[-97.86249,26.06977],[-97.86284,26.06961],[-97.86334,26.06918],[-97.86355,26.06879],[-97.86377,26.06842],[-97.86409,26.06802],[-97.86428,26.0676],[-97.86453,26.067],[-97.86483,26.06613],[-97.86505,26.06555],[-97.86523,26.06492],[-97.86543,26.06451],[-97.86571,26.06395],[-97.86614,26.06295],[-97.8666,26.06197],[-97.86679,26.06143],[-97.86708,26.0608],[-97.86738,26.0601],[-97.86749,26.05992],[-97.86762,26.05973],[-97.86767,26.05963],[-97.8677,26.05957],[-97.86828,26.05868],[-97.86852,26.0578],[-97.86862,26.05715],[-97.86907,26.05695],[-97.86977,26.05708],[-97.87027,26.05733],[-97.87042,26.0574],[-97.87075,26.0576],[-97.8712,26.05808],[-97.87152,26.05857],[-97.87176,26.0589],[-97.87225,26.05972],[-97.87239,26.06005],[-97.87271,26.06059],[-97.87342,26.06165],[-97.87408,26.06244],[-97.87468,26.063],[-97.87524,26.06347],[-97.87588,26.06392],[-97.87695,26.06458],[-97.87791,26.06491],[-97.87857,26.06517],[-97.87877,26.06527],[-97.87973,26.06543],[-97.88044,26.06551],[-97.88129,26.06563],[-97.88221,26.06566],[-97.88267,26.06572],[-97.88338,26.06582],[-97.88413,26.06586],[-97.88472,26.06602],[-97.8854,26.06619],[-97.88634,26.06649],[-97.88705,26.06655],[-97.88766,26.06644],[-97.88808,26.06577],[-97.88835,26.06547],[-97.88844,26.06538],[-97.88845,26.06487],[-97.88829,26.06378],[-97.88829,26.06319],[-97.8884,26.06243],[-97.88882,26.06178],[-97.88938,26.06138],[-97.89014,26.06092],[-97.89069,26.06067],[-97.89133,26.0605],[-97.89185,26.06041],[-97.89229,26.06033],[-97.89292,26.06024],[-97.8933,26.0602],[-97.89366,26.06017],[-97.89449,26.06026],[-97.89546,26.06052],[-97.89618,26.06072],[-97.89687,26.06092],[-97.89794,26.06107],[-97.8986,26.06114],[-97.89991,26.06122],[-97.90107,26.06108],[-97.90175,26.06095],[-97.9023,26.06084],[-97.90356,26.06043],[-97.90401,26.06019],[-97.90456,26.05998],[-97.90541,26.0595],[-97.90616,26.05893],[-97.90701,26.05844],[-97.90715,26.05836],[-97.90816,26.0578],[-97.90876,26.05746],[-97.90937,26.05718],[-97.90987,26.05686],[-97.91065,26.05659],[-97.91118,26.05647],[-97.91126,26.05645],[-97.91216,26.05631],[-97.91285,26.05637],[-97.9129,26.05637],[-97.91389,26.05654],[-97.91461,26.05678],[-97.91567,26.05714],[-97.91627,26.05728],[-97.91688,26.05749],[-97.91738,26.0577],[-97.918,26.0579],[-97.9185,26.058],[-97.91915,26.05803],[-97.91969,26.05797],[-97.92013,26.05798],[-97.92068,26.05793],[-97.9214,26.05777],[-97.92182,26.05757],[-97.92276,26.05712],[-97.92338,26.05682],[-97.92413,26.05633],[-97.92469,26.05596],[-97.92524,26.05569],[-97.92567,26.05555],[-97.92681,26.05537],[-97.9272,26.05531],[-97.92756,26.05546],[-97.92799,26.0559],[-97.92868,26.05725],[-97.93015,26.06111],[-97.9308,26.0625],[-97.93141,26.06342],[-97.93216,26.06448],[-97.9323,26.06466],[-97.93273,26.06481],[-97.933,26.06484],[-97.93393,26.06483],[-97.9356,26.06432],[-97.93599,26.06401],[-97.93657,26.06343],[-97.9368,26.06301],[-97.93691,26.06265],[-97.93694,26.06231],[-97.93698,26.06192],[-97.93686,26.06133],[-97.93642,26.06058],[-97.93611,26.05999],[-97.93551,26.0593],[-97.93481,26.0587],[-97.93288,26.05731],[-97.9321,26.05644],[-97.93189,26.0562],[-97.93181,26.05594],[-97.93185,26.05553],[-97.93199,26.05485],[-97.93239,26.05432],[-97.93283,26.05367],[-97.93339,26.05327],[-97.93426,26.05282],[-97.93542,26.05269],[-97.93662,26.05277],[-97.93793,26.05352],[-97.93879,26.05432],[-97.94341,26.05892],[-97.94435,26.05962],[-97.94527,26.06019],[-97.94651,26.06075],[-97.94677,26.06086],[-97.94806,26.0614],[-97.94993,26.06182],[-97.95009,26.06183],[-97.9501,26.06192],[-97.95119,26.06196],[-97.95259,26.06183],[-97.95456,26.06118],[-97.95701,26.05996],[-97.95739,26.05924],[-97.95785,26.05857],[-97.95848,26.05782],[-97.959,26.05727],[-97.95978,26.05679],[-97.96048,26.05622],[-97.96146,26.05557],[-97.96232,26.05494],[-97.96356,26.05386],[-97.96435,26.05312],[-97.96545,26.05227],[-97.96608,26.05194],[-97.96735,26.05178],[-97.96943,26.0527],[-97.97183,26.05483],[-97.97432,26.0576],[-97.97506,26.05816],[-97.97561,26.05851],[-97.97657,26.05882],[-97.97771,26.05916],[-97.97877,26.05975],[-97.9793,26.06054],[-97.97984,26.06245],[-97.97998,26.06388],[-97.98017,26.06651],[-97.98073,26.06704],[-97.98135,26.06723],[-97.98194,26.06714],[-97.98731,26.06572],[-97.98771,26.06527],[-97.98813,26.06464],[-97.98905,26.06198],[-97.9893,26.06126],[-97.98947,26.06039],[-97.98978,26.05984],[-97.99049,26.059],[-97.9915,26.05858],[-97.9925,26.05858],[-97.99356,26.0592],[-97.99363,26.05929],[-97.9947,26.06072],[-97.99578,26.06238],[-97.9965,26.0633],[-97.99726,26.06414],[-97.9987,26.06472],[-98.0003,26.06504],[-98.00127,26.06499],[-98.00231,26.0648],[-98.00353,26.06445],[-98.00489,26.0639],[-98.00593,26.06329],[-98.00695,26.06251],[-98.0074,26.06216],[-98.00816,26.06137],[-98.00832,26.06115],[-98.00851,26.06087],[-98.00883,26.06042],[-98.0089,26.06029],[-98.00925,26.05961],[-98.00963,26.0589],[-98.00996,26.0581],[-98.01071,26.05713],[-98.01121,26.05658],[-98.01199,26.05629],[-98.01243,26.05642],[-98.01265,26.05688],[-98.01244,26.05831],[-98.01162,26.05989],[-98.01146,26.06017],[-98.01136,26.06034],[-98.01126,26.06052],[-98.01102,26.06092],[-98.01092,26.06153],[-98.01086,26.06189],[-98.01098,26.06386],[-98.01144,26.06507],[-98.01194,26.06586],[-98.01269,26.06633],[-98.01366,26.06641],[-98.01424,26.06602],[-98.01461,26.06546],[-98.01469,26.06535],[-98.01485,26.06437],[-98.01516,26.06329],[-98.01548,26.06237],[-98.01562,26.06196],[-98.01602,26.06139],[-98.01669,26.06066],[-98.01735,26.06024],[-98.0192,26.05941],[-98.0201,26.05878],[-98.02039,26.05876],[-98.02075,26.05874],[-98.0214,26.05896],[-98.02229,26.05979],[-98.02271,26.06042],[-98.02302,26.06116],[-98.02354,26.06242],[-98.02416,26.06396],[-98.02421,26.0641],[-98.02432,26.06424],[-98.02488,26.06494],[-98.02555,26.06596],[-98.02637,26.06654],[-98.02723,26.06682],[-98.02781,26.06685],[-98.02898,26.06649],[-98.03014,26.06567],[-98.0308,26.065],[-98.0315,26.06422],[-98.03211,26.06324],[-98.03273,26.06212],[-98.03352,26.05996],[-98.03377,26.05883],[-98.03413,26.05755],[-98.03434,26.05598],[-98.03438,26.05429],[-98.0344,26.05375],[-98.03441,26.05241],[-98.03441,26.0519],[-98.03441,26.05138],[-98.03441,26.05137],[-98.03447,26.0512],[-98.03448,26.05117],[-98.0345,26.0511],[-98.03452,26.05104],[-98.0346,26.05079],[-98.03527,26.049],[-98.03546,26.04849],[-98.03611,26.04755],[-98.03752,26.0456],[-98.03785,26.04435],[-98.03838,26.04211],[-98.0384,26.04207],[-98.03857,26.04178],[-98.03862,26.0417],[-98.03918,26.04132],[-98.03925,26.04127],[-98.03986,26.04127],[-98.04117,26.04185],[-98.04332,26.04316],[-98.04453,26.04374],[-98.04624,26.04423],[-98.04737,26.04444],[-98.04978,26.04442],[-98.05159,26.04448],[-98.05471,26.04459],[-98.05691,26.04508],[-98.0598,26.04607],[-98.06118,26.04624],[-98.06306,26.04589],[-98.06436,26.04532],[-98.0651,26.04483],[-98.06702,26.04245],[-98.06709,26.04233],[-98.0686,26.03994],[-98.06996,26.03818],[-98.07015,26.03797],[-98.07121,26.03707],[-98.07306,26.0365],[-98.07325,26.03648],[-98.0746,26.03634]]]}}
]
}
